evidence_rank,agent,agent_label,rank_within_agent,main_draw,auxiliary_draw,backtest_consistency_pct,backtest_mean_roi_alpha_pp,history_cutoff,score_status,commitment_sha256
1,unpopularity,Crowd escape,1,34 40 41 43 44 45,,100.0,0.39439798476793947,2026-08-22,PENDING,c1f2385cee349c49704888e8c1a2246fda75d4f5ad350deb6b8381645d4bae41
2,unpopularity,Crowd escape,2,33 39 41 43 44 45,,100.0,0.39439798476793947,2026-08-22,PENDING,ff037404820c5cc535eda7bb0e9eb5ec895b1b59763ea06e56bde3aa15e584f4
3,unpopularity,Crowd escape,3,32 36 38 40 41 45,,100.0,0.39439798476793947,2026-08-22,PENDING,5a21ecd95536b0798d7c54d33b8c210d1378a64b4abeefcacb42c3d528482fcf
4,unpopularity,Crowd escape,4,32 37 38 40 41 44,,100.0,0.39439798476793947,2026-08-22,PENDING,8776eb6fee795449752086ac0d1b2145393b69720f41afd1c78e762b48ed2855
5,unpopularity,Crowd escape,5,32 37 38 39 41 44,,100.0,0.39439798476793947,2026-08-22,PENDING,4bcc55f86a664a904d1a4e296eb5bbcf7978f15bed9f25f02f18f63cb363d25f
6,unpopularity,Crowd escape,6,32 37 38 39 41 43,,100.0,0.39439798476793947,2026-08-22,PENDING,706c8e6f28437fbc7e1b18bacf7a3b9164e5db499dfc2f91254d29438b17fbc5
7,unpopularity,Crowd escape,7,32 33 34 40 43 44,,100.0,0.39439798476793947,2026-08-22,PENDING,e64a68940a002ef4a8375842689b6df02eb422845ec7f282e0df43c3ee2d0421
8,unpopularity,Crowd escape,8,32 34 37 38 39 44,,100.0,0.39439798476793947,2026-08-22,PENDING,198fc3d2f2603fb78c2e801e786ed64506e8c285bbfc8cce998556e8649dcb22
9,unpopularity,Crowd escape,9,32 33 34 39 40 45,,100.0,0.39439798476793947,2026-08-22,PENDING,16bd995e28b55146488e2de58c254d6668d085a69e6bcdfe6b4a9b7ffe021a00
10,unpopularity,Crowd escape,10,33 34 36 37 38 43,,100.0,0.39439798476793947,2026-08-22,PENDING,3d5ab6bdf6e9ba03324de35b392be76eb1d1c0ac5e95557c9bdb7f2c1b970c4a
11,unpopularity,Crowd escape,11,37 38 39 40 41 43,,100.0,0.39439798476793947,2026-08-22,PENDING,1f9113d8ca83a86542ef89899e18f4aa38bb5b2b56479877007e88c518d563e7
12,unpopularity,Crowd escape,12,32 37 41 42 43 44,,100.0,0.39439798476793947,2026-08-22,PENDING,a083486fbbac8925d29162ca67b9ae7e284774be06a392a9a92e687f7841e84a
13,gingerm,Co-occurrence,1,1 17 23 35 39 41,,100.0,0.2629550918448094,2026-08-22,PENDING,06bf39fdb04bf8d045cb453995f17a3dcfdaaa128c37e68c81902ca5417c8b43
14,gingerm,Co-occurrence,2,4 24 27 31 41 42,,100.0,0.2629550918448094,2026-08-22,PENDING,be6f6f474257705113951424a2b13991ecca3af6aae7e0538f1e019b45b72fd3
15,gingerm,Co-occurrence,3,7 23 34 36 37 39,,100.0,0.2629550918448094,2026-08-22,PENDING,e74efcc1ada7908b678aed78311479a21c00871b5542c404dd16ea23c0b4a604
16,gingerm,Co-occurrence,4,8 25 37 43 44 45,,100.0,0.2629550918448094,2026-08-22,PENDING,f1d21e38b3794b2ba443e5ee3baa847004e9d580dbec203e3235574bfcd3f0bc
17,gingerm,Co-occurrence,5,12 13 17 27 34 41,,100.0,0.2629550918448094,2026-08-22,PENDING,4996737f85c5ef460db9115bca6d1da9878322c76535a56c78116ab4451641cc
18,gingerm,Co-occurrence,6,13 14 17 20 25 41,,100.0,0.2629550918448094,2026-08-22,PENDING,ee6a75aa91efb987a7deaaa7a44e83da73235fe26843fe185c4e71d68b1586c2
19,gingerm,Co-occurrence,7,14 25 34 38 39 43,,100.0,0.2629550918448094,2026-08-22,PENDING,e90c03b73e79abefe9fa0854065f630ca2543ae35de0f230821a563866f245ba
20,gingerm,Co-occurrence,8,16 27 37 41 43 45,,100.0,0.2629550918448094,2026-08-22,PENDING,a0c76a2475be607e16f5c01808258d5b456e643d2f37c13fb3c975b20bb297de
21,gingerm,Co-occurrence,9,17 19 31 32 35 41,,100.0,0.2629550918448094,2026-08-22,PENDING,21c8d8720e33fc390e1b9561df1608d7f52b255657b8afb29e072554b4d28bf5
22,gingerm,Co-occurrence,10,17 20 23 39 41 45,,100.0,0.2629550918448094,2026-08-22,PENDING,3d4f8d9190efca5680413285bf855da74cce27da176b812ed554cfffaa6692e9
23,gingerm,Co-occurrence,11,20 36 37 41 44 45,,100.0,0.2629550918448094,2026-08-22,PENDING,19310176d52361e2b3a827b8907555559e63fadc32a4c12f5a11bd1b380e812f
24,gingerm,Co-occurrence,12,25 33 37 38 43 44,,100.0,0.2629550918448094,2026-08-22,PENDING,7fc8bcf40e8aa132336f1dcbe54b5d417bb68e64192f71ecc8f2d65109890764
25,spectral_contrarian,Spectral contrarian,1,10 15 26 33 38 45,,91.66666666666666,0.14924996579150362,2026-08-22,PENDING,69cf16494260cd4cba3d6fe856ba67e0b7d22de6eb0a542ff723eda9a12f8aeb
26,spectral_contrarian,Spectral contrarian,2,2 6 12 22 29 40,,91.66666666666666,0.14924996579150362,2026-08-22,PENDING,b7ce7361081f594f54877aea4a0fba37ac6f69b9a91ea087cdc59fa7df459bf9
27,spectral_contrarian,Spectral contrarian,3,1 7 16 22 33 42,,91.66666666666666,0.14924996579150362,2026-08-22,PENDING,7a9f4360efe20049bf8198b08ff9057f2498547060fb21a53de03f83a93e128c
28,spectral_contrarian,Spectral contrarian,4,6 15 21 25 32 45,,91.66666666666666,0.14924996579150362,2026-08-22,PENDING,74d5a92a5bc4eeb0f0583092bafa7a46c7e30725acbf9ca25e0495e73fa545af
29,spectral_contrarian,Spectral contrarian,5,5 15 21 32 40 44,,91.66666666666666,0.14924996579150362,2026-08-22,PENDING,99757682fb08898ad61cbaad770ff76ab8b6a595181ceb30b7bb16f88b6a3274
30,spectral_contrarian,Spectral contrarian,6,4 13 20 23 30 42,,91.66666666666666,0.14924996579150362,2026-08-22,PENDING,56a28d08214118846ff9dfe9e00a9fd115eb7f4bc8705c44389973126253468c
31,spectral_contrarian,Spectral contrarian,7,9 14 18 24 35 43,,91.66666666666666,0.14924996579150362,2026-08-22,PENDING,6e3b20c8c7146dedf07f9fd0b5f6a9e184dbd748727f70b0353a07d1e132898e
32,spectral_contrarian,Spectral contrarian,8,3 9 13 19 30 37,,91.66666666666666,0.14924996579150362,2026-08-22,PENDING,7afdad747f5fa1f5e60ccb620de78f5324d653b126ebc4818c740369137aaf14
33,spectral_contrarian,Spectral contrarian,9,3 9 18 25 29 36,,91.66666666666666,0.14924996579150362,2026-08-22,PENDING,fc33c04524956de0d0d02ee7f5212de7e2abebdd04586f5861320b2aca072508
34,spectral_contrarian,Spectral contrarian,10,7 12 16 22 33 41,,91.66666666666666,0.14924996579150362,2026-08-22,PENDING,73de7730e7dcde653604fa71bd034cfb6b05d8a3142937ea8e79da7c90bd90e7
35,spectral_contrarian,Spectral contrarian,11,1 8 11 17 28 34,,91.66666666666666,0.14924996579150362,2026-08-22,PENDING,5f6384833fea4992e85fb8e6f15b62c2dd4262e2088bc0375986fea06ef4b5e9
36,spectral_contrarian,Spectral contrarian,12,5 10 20 27 31 39,,91.66666666666666,0.14924996579150362,2026-08-22,PENDING,b0c1f783cc84a1fe1dc512bed425aa05eddb7827073c99aeeb6c06b56ec32ae0
37,frequency,Frequency,1,8 11 17 21 27 41,,66.66666666666666,0.0659138068826004,2026-08-22,PENDING,d24a2078ad70b6f91725a331d376874f00878607babe6bee96cac702d15df305
38,frequency,Frequency,2,17 21 31 34 38 39,,66.66666666666666,0.0659138068826004,2026-08-22,PENDING,7d6f5227c322ab0d79431c55f59fc44fb69d8fa64d639f882d0f7400bacfe195
39,frequency,Frequency,3,3 31 37 39 42 43,,66.66666666666666,0.0659138068826004,2026-08-22,PENDING,dd988109a9d409871e5d1b7820df8dc3eb91c0f6c2a3142a088325678e3fa90d
40,frequency,Frequency,4,5 19 25 32 34 39,,66.66666666666666,0.0659138068826004,2026-08-22,PENDING,5965b0b0cfbb907f34117379b941b5535c995bcefdbf336a20bc4db2b92b03df
41,frequency,Frequency,5,5 16 28 31 41 43,,66.66666666666666,0.0659138068826004,2026-08-22,PENDING,1eef3c5a471086f5566188e10bf88a80a47dcc75e148b5c9fcd2271cc1731a02
42,frequency,Frequency,6,5 19 26 34 37 43,,66.66666666666666,0.0659138068826004,2026-08-22,PENDING,aa5276c0a027be3920f0b46e461a521732fd282d8c0e86f619b424d19d747249
43,frequency,Frequency,7,4 13 14 21 29 35,,66.66666666666666,0.0659138068826004,2026-08-22,PENDING,ac633734298aecb411dd0ef5f69257c6c851cb19b04410f573eb204782bd38d1
44,frequency,Frequency,8,1 7 18 28 36 42,,66.66666666666666,0.0659138068826004,2026-08-22,PENDING,e482192dc3a801d7ddd505165f939833951b6f07b96270286353ebd14eab2793
45,frequency,Frequency,9,9 10 11 23 34 36,,66.66666666666666,0.0659138068826004,2026-08-22,PENDING,6e4e39a0240925862d78bc07b53b76aeb094e8c13ff1fe99c77132666a8ee1f4
46,frequency,Frequency,10,13 14 22 25 33 35,,66.66666666666666,0.0659138068826004,2026-08-22,PENDING,b2f929084a23877a36eba8e6ba20a11de5ac16bac506f220e23dfdda6f2dad71
47,frequency,Frequency,11,3 4 9 31 40 44,,66.66666666666666,0.0659138068826004,2026-08-22,PENDING,c47a26aacfbcd717ed7805d7898d0b287bcc8c7f046903359dfc2861ebd8f96d
48,frequency,Frequency,12,9 21 22 23 28 44,,66.66666666666666,0.0659138068826004,2026-08-22,PENDING,5785e5fca0dd46a465271a2b079fd321d93a372bbd3aecc184fa8e48a8cf9145
49,parallax,Parallax guard,1,34 38 39 43 44 45,,41.66666666666667,0.020501738400635627,2026-08-22,PENDING,17669f27ef4526d095ebdeacb1812aa1d32deedd611cf34f36ab3cc17be2a577
50,coordinated_aggregation,Coordinator,1,34 38 39 43 44 45,,41.66666666666667,0.020501738400635627,2026-08-22,PENDING,088c09fcc368d86312de4a4ba66c69cdbece49323c6a4699a8708f256fc4a751
51,parallax,Parallax guard,2,20 32 33 37 40 42,,41.66666666666667,0.020501738400635627,2026-08-22,PENDING,51ed5213a1fed84e926421ae5119461ef1101336c87d2ef2aca5de58016721b3
52,coordinated_aggregation,Coordinator,2,20 32 33 37 40 42,,41.66666666666667,0.020501738400635627,2026-08-22,PENDING,e4a85c4c2db9227e7380f66308b442577aecfa309c162623fa376fb3dd94e678
53,parallax,Parallax guard,3,17 23 24 31 36 41,,41.66666666666667,0.020501738400635627,2026-08-22,PENDING,10c5259f0e3d6bead946662a68d83952e1fb448c7b542551b5714e163ed8b482
54,coordinated_aggregation,Coordinator,3,17 23 24 31 36 41,,41.66666666666667,0.020501738400635627,2026-08-22,PENDING,1139c327521792591acec7aa9f7aa04a783289f02d067bd9c558c53aaae90635
55,parallax,Parallax guard,4,12 13 15 18 29 35,,41.66666666666667,0.020501738400635627,2026-08-22,PENDING,8bec5c461dc12d6c6e521a27d94a094dfdbd05dc5cafe4a8ed9eb1e512d864aa
56,coordinated_aggregation,Coordinator,4,12 13 15 18 29 35,,41.66666666666667,0.020501738400635627,2026-08-22,PENDING,e1e9b0233778490babdae02373aaf7b05de9b1dd6b80a48fcfd3fcf42b90111b
57,parallax,Parallax guard,5,9 16 19 22 25 26,,41.66666666666667,0.020501738400635627,2026-08-22,PENDING,97055e6c2e286952427daefc7121d6a6aa41f04b0856f60faad14c0f3a90a60c
58,coordinated_aggregation,Coordinator,5,9 16 19 22 25 26,,41.66666666666667,0.020501738400635627,2026-08-22,PENDING,a3d5d2dbe57c9e8366e8c518c1229f8b0bca9f83983321c38347a58cd3f231f4
59,parallax,Parallax guard,6,2 3 6 8 14 27,,41.66666666666667,0.020501738400635627,2026-08-22,PENDING,6bff5e3667ffa7e241b6330ded6327d6fc3c10736695766bffba65653da176b0
60,coordinated_aggregation,Coordinator,6,2 3 6 8 14 27,,41.66666666666667,0.020501738400635627,2026-08-22,PENDING,448d5f0490fb010bae8b8e10a3792fc8426f766e5fffe1e9d4f53d33bfb6a547
61,parallax,Parallax guard,7,4 11 12 28 30 39,,41.66666666666667,0.020501738400635627,2026-08-22,PENDING,5c0c6aa26e1a0ceee0a993f188c4715c8c458649c393a735fa7d140e7dd223a6
62,coordinated_aggregation,Coordinator,7,4 11 12 28 30 39,,41.66666666666667,0.020501738400635627,2026-08-22,PENDING,6ae6198e301b21b096a6201c5c13c424ac0dfe01e9b07c6167308756df607934
63,parallax,Parallax guard,8,1 7 10 18 36 45,,41.66666666666667,0.020501738400635627,2026-08-22,PENDING,bec901061f44f56f0db3a8ce0ba727c609914a1f76785ac0ea210c5cc4ac3f02
64,coordinated_aggregation,Coordinator,8,1 7 10 18 36 45,,41.66666666666667,0.020501738400635627,2026-08-22,PENDING,eb0145da5bfdead0633da38554c9e397ffe6fcb82e836e55aa2a7be712b4ca88
65,parallax,Parallax guard,9,5 21 33 34 39 41,,41.66666666666667,0.020501738400635627,2026-08-22,PENDING,02ad589d28aa597c5b126557db9f239defeca727f14e15cd4fe882b06ce11ae4
66,coordinated_aggregation,Coordinator,9,5 21 33 34 39 41,,41.66666666666667,0.020501738400635627,2026-08-22,PENDING,2fdf53dd883758133349dffe6f77a614212cf7c7c527f795394c572757bbe357
67,parallax,Parallax guard,10,26 27 31 35 37 38,,41.66666666666667,0.020501738400635627,2026-08-22,PENDING,01fe44ce3b25d121b408dbf66b2e967ad2e0349585e71ecf833b83527d29c548
68,coordinated_aggregation,Coordinator,10,26 27 31 35 37 38,,41.66666666666667,0.020501738400635627,2026-08-22,PENDING,1621b3a2ebf2f5ed65df903e44d41b16310a1248063980cb244f0404e4716aeb
69,parallax,Parallax guard,11,20 25 30 35 36 43,,41.66666666666667,0.020501738400635627,2026-08-22,PENDING,ac5f4c9da81b6f0256e172f1243954ed318dcd8e2d1a76ea2dbc5ec99a975328
70,coordinated_aggregation,Coordinator,11,20 25 30 35 36 43,,41.66666666666667,0.020501738400635627,2026-08-22,PENDING,1c1adf42f3e12c51503e9a9dc27515fa2092a426327a4d01e8ea0a3c14e8847d
71,parallax,Parallax guard,12,1 19 27 40 41 44,,41.66666666666667,0.020501738400635627,2026-08-22,PENDING,4384866762b4c12e550639b2d4953068b56ab7b0206d7b96ee1e11be6d4700c3
72,coordinated_aggregation,Coordinator,12,1 19 27 40 41 44,,41.66666666666667,0.020501738400635627,2026-08-22,PENDING,38c2e08a301e87eff65f94129c83da9d87d2b54fe5c042c00c25956a6ea7ee4c
73,uniform_random,Uniform null,1,1 5 16 32 34 40,,0.0,0.0,2026-08-22,PENDING,b5f8fd5e8151df3e5193f7bdc54c6573480bb1b08394919ef8c86cd26073bcff
74,uniform_random,Uniform null,2,1 11 12 36 40 42,,0.0,0.0,2026-08-22,PENDING,05dec025f9ae4c15c07345b15da9a09789ce6e302f981a065f00d2746628b471
75,uniform_random,Uniform null,3,2 3 15 16 34 42,,0.0,0.0,2026-08-22,PENDING,7cd146048e5791d9da24c9da1bff3853fb41b89ea723221344e206b95db8a527
76,uniform_random,Uniform null,4,3 25 32 37 41 43,,0.0,0.0,2026-08-22,PENDING,ac4fed4529bd8bed7449391fa8a687a5feb922cc6189a0c720f07b8722bb5a53
77,uniform_random,Uniform null,5,4 9 14 17 18 40,,0.0,0.0,2026-08-22,PENDING,99d29d322cd8c3a376068c19d25f418b50f2ff7a8de63bb46fcde56471f20dcb
78,uniform_random,Uniform null,6,4 12 18 22 24 36,,0.0,0.0,2026-08-22,PENDING,06cc21216fe4fdcf7c29e4280ac7cf2b07e36350bf8ca971602c58bb2b4b72b6
79,uniform_random,Uniform null,7,4 18 29 30 31 34,,0.0,0.0,2026-08-22,PENDING,14087ea171f59e7f4ee4878e7262410d2b4032e3ea4398accfae7a209d543295
80,uniform_random,Uniform null,8,5 14 16 26 29 39,,0.0,0.0,2026-08-22,PENDING,bb69e120f50530b51b2ed0e0d40a07b558f941988884737270451d8326527fab
81,uniform_random,Uniform null,9,12 20 26 28 43 45,,0.0,0.0,2026-08-22,PENDING,139e0d466ada955e8c45e5958aa33c80dd96b5d6bf33c47ae4f4d3fd2556a264
82,uniform_random,Uniform null,10,14 18 23 29 37 38,,0.0,0.0,2026-08-22,PENDING,21dec393ae0c66e8c52ba310b6553ff6e4eaa4b0bc8986021354d28a005a3b49
83,uniform_random,Uniform null,11,14 19 20 24 29 32,,0.0,0.0,2026-08-22,PENDING,3864bbbe98785f43bb3ef19795ef89be4576c39624658a0a32361f794ae0e02c
84,uniform_random,Uniform null,12,26 28 32 36 39 40,,0.0,0.0,2026-08-22,PENDING,89e99f78d8cc43fc3b82737475e630f4f1734446ccb4540e79d0410e41886379
