contest_number,draw_date,agent,contest_rank,roi_alpha_vs_house_pp,beats_house,win_rate_vs_house_pct,mean_roi_alpha_vs_house_pp,expected_roi_pct,pair_coverage_pct,number_coverage_pct,hit_recall_pct,unpopularity_lift_x,anomaly_index,best_main_hits,best_auxiliary_hits,actual_main,actual_auxiliary,ticket_set_json,evaluation_scope
1,2025-09-10,uniform_random,4,0.0,False,0.0,0.0,-86.13815141682348,8.89795918367347,66.0,13.333333333333334,1.0042753187769866,64.28571428571429,2,1,20 23 26 29 43,3 7,"[{""auxiliary"":[2,9],""main"":[8,20,24,29,31]},{""auxiliary"":[5,11],""main"":[11,15,21,22,49]},{""auxiliary"":[2,10],""main"":[4,29,37,45,49]},{""auxiliary"":[3,12],""main"":[5,20,34,47,50]},{""auxiliary"":[3,12],""main"":[4,12,18,48,49]},{""auxiliary"":[1,8],""main"":[15,20,21,39,43]},{""auxiliary"":[1,11],""main"":[8,10,15,17,19]},{""auxiliary"":[5,6],""main"":[4,25,29,35,39]},{""auxiliary"":[3,6],""main"":[10,11,16,46,47]},{""auxiliary"":[8,11],""main"":[9,10,11,15,34]},{""auxiliary"":[6,9],""main"":[4,13,26,37,49]},{""auxiliary"":[4,6],""main"":[16,25,35,44,47]}]",synthetic_forward_replay
1,2025-09-10,frequency,7,-0.3882865976106986,False,0.0,-0.3882865976106986,-86.52643801443418,9.46938775510204,72.0,15.0,0.9761443920645444,35.714285714285715,2,2,20 23 26 29 43,3 7,"[{""auxiliary"":[4,6],""main"":[9,15,25,29,39]},{""auxiliary"":[8,9],""main"":[4,12,16,21,50]},{""auxiliary"":[4,7],""main"":[4,12,33,39,42]},{""auxiliary"":[2,3],""main"":[11,19,20,27,43]},{""auxiliary"":[1,6],""main"":[7,20,22,36,48]},{""auxiliary"":[7,11],""main"":[2,3,10,16,29]},{""auxiliary"":[3,11],""main"":[4,7,9,23,29]},{""auxiliary"":[4,5],""main"":[9,26,36,40,45]},{""auxiliary"":[5,6],""main"":[3,13,20,31,35]},{""auxiliary"":[3,7],""main"":[3,9,34,37,45]},{""auxiliary"":[7,8],""main"":[10,15,24,28,35]},{""auxiliary"":[6,8],""main"":[1,4,13,33,37]}]",synthetic_forward_replay
1,2025-09-10,unpopularity,1,0.43933648802778613,True,100.0,0.43933648802778613,-85.69881492879568,5.3061224489795915,28.000000000000004,10.0,1.0361047525582765,92.85714285714286,1,1,20 23 26 29 43,3 7,"[{""auxiliary"":[5,12],""main"":[38,39,45,48,50]},{""auxiliary"":[4,8],""main"":[38,40,44,47,50]},{""auxiliary"":[3,6],""main"":[37,40,45,46,50]},{""auxiliary"":[8,11],""main"":[34,43,44,46,50]},{""auxiliary"":[10,12],""main"":[37,40,43,46,50]},{""auxiliary"":[2,11],""main"":[37,41,43,45,50]},{""auxiliary"":[1,11],""main"":[34,40,44,47,50]},{""auxiliary"":[8,12],""main"":[38,40,41,46,50]},{""auxiliary"":[1,5],""main"":[37,38,44,47,48]},{""auxiliary"":[3,6],""main"":[36,38,43,46,50]},{""auxiliary"":[2,8],""main"":[36,39,43,46,48]},{""auxiliary"":[3,6],""main"":[38,40,41,43,50]}]",synthetic_forward_replay
1,2025-09-10,gingerm,3,0.052781718341976536,True,100.0,0.052781718341976536,-86.0853696984815,5.959183673469388,36.0,8.333333333333332,1.008099294828624,64.28571428571429,2,1,20 23 26 29 43,3 7,"[{""auxiliary"":[1,3],""main"":[9,18,24,27,49]},{""auxiliary"":[1,5],""main"":[9,18,25,49,50]},{""auxiliary"":[1,5],""main"":[7,9,25,43,49]},{""auxiliary"":[1,5],""main"":[9,16,21,27,49]},{""auxiliary"":[1,5],""main"":[9,22,24,25,49]},{""auxiliary"":[1,5],""main"":[9,21,24,31,49]},{""auxiliary"":[1,5],""main"":[7,9,27,49,50]},{""auxiliary"":[1,5],""main"":[9,24,25,27,31]},{""auxiliary"":[1,5],""main"":[9,21,25,37,49]},{""auxiliary"":[1,6],""main"":[1,5,24,29,43]},{""auxiliary"":[1,6],""main"":[1,24,29,31,49]},{""auxiliary"":[1,6],""main"":[1,16,24,29,39]}]",synthetic_forward_replay
1,2025-09-10,spectral_contrarian,2,0.3118112430822606,True,100.0,0.3118112430822606,-85.82634017374122,8.89795918367347,78.0,5.000000000000001,1.0268656921796195,67.85714285714286,1,2,20 23 26 29 43,3 7,"[{""auxiliary"":[3,8],""main"":[7,18,26,38,48]},{""auxiliary"":[7,12],""main"":[4,15,23,35,42]},{""auxiliary"":[3,11],""main"":[1,8,19,33,40]},{""auxiliary"":[3,7],""main"":[6,17,25,37,47]},{""auxiliary"":[7,11],""main"":[3,14,22,34,41]},{""auxiliary"":[3,11],""main"":[8,19,32,38,49]},{""auxiliary"":[2,7],""main"":[5,16,23,36,47]},{""auxiliary"":[7,11],""main"":[2,13,21,34,40]},{""auxiliary"":[3,11],""main"":[6,17,31,38,48]},{""auxiliary"":[2,7],""main"":[4,15,22,35,46]},{""auxiliary"":[6,11],""main"":[12,19,33,39,50]},{""auxiliary"":[2,11],""main"":[6,16,30,37,47]}]",synthetic_forward_replay
1,2025-09-10,parallax,5,-0.355620665052403,False,0.0,-0.355620665052403,-86.49377208187587,9.795918367346939,100.0,8.333333333333332,0.9785110020903494,37.50000000000001,2,1,20 23 26 29 43,3 7,"[{""auxiliary"":[3,11],""main"":[39,43,46,48,50]},{""auxiliary"":[1,10],""main"":[38,40,44,45,47]},{""auxiliary"":[4,12],""main"":[32,34,35,36,41]},{""auxiliary"":[2,8],""main"":[22,27,37,42,49]},{""auxiliary"":[7,9],""main"":[7,14,23,31,33]},{""auxiliary"":[5,6],""main"":[13,15,20,29,48]},{""auxiliary"":[1,5],""main"":[5,16,21,25,30]},{""auxiliary"":[9,12],""main"":[9,10,18,24,26]},{""auxiliary"":[4,8],""main"":[3,4,19,28,31]},{""auxiliary"":[2,10],""main"":[1,2,17,25,35]},{""auxiliary"":[7,11],""main"":[6,11,18,37,50]},{""auxiliary"":[3,6],""main"":[8,12,15,16,22]}]",synthetic_forward_replay
1,2025-09-10,coordinated_aggregation,6,-0.355620665052403,False,0.0,-0.355620665052403,-86.49377208187587,9.795918367346939,100.0,8.333333333333332,0.9785110020903494,37.50000000000001,2,1,20 23 26 29 43,3 7,"[{""auxiliary"":[3,11],""main"":[39,43,46,48,50]},{""auxiliary"":[1,10],""main"":[38,40,44,45,47]},{""auxiliary"":[4,12],""main"":[32,34,35,36,41]},{""auxiliary"":[2,8],""main"":[22,27,37,42,49]},{""auxiliary"":[7,9],""main"":[7,14,23,31,33]},{""auxiliary"":[5,6],""main"":[13,15,20,29,48]},{""auxiliary"":[1,5],""main"":[5,16,21,25,30]},{""auxiliary"":[9,12],""main"":[9,10,18,24,26]},{""auxiliary"":[4,8],""main"":[3,4,19,28,31]},{""auxiliary"":[2,10],""main"":[1,2,17,25,35]},{""auxiliary"":[7,11],""main"":[6,11,18,37,50]},{""auxiliary"":[3,6],""main"":[8,12,15,16,22]}]",synthetic_forward_replay
2,2025-09-17,uniform_random,7,0.0,False,0.0,0.0,-86.32826081485803,9.306122448979593,72.0,5.000000000000001,0.990502106988671,21.42857142857143,1,1,11 13 28 35 40,2 3,"[{""auxiliary"":[2,11],""main"":[17,21,22,35,50]},{""auxiliary"":[2,8],""main"":[8,16,25,31,42]},{""auxiliary"":[10,11],""main"":[21,22,32,34,37]},{""auxiliary"":[10,11],""main"":[9,15,26,31,36]},{""auxiliary"":[1,5],""main"":[2,5,23,28,50]},{""auxiliary"":[1,2],""main"":[5,8,9,30,33]},{""auxiliary"":[6,11],""main"":[4,8,15,31,50]},{""auxiliary"":[10,12],""main"":[1,10,15,22,37]},{""auxiliary"":[8,9],""main"":[18,21,25,40,44]},{""auxiliary"":[10,12],""main"":[1,7,14,41,44]},{""auxiliary"":[3,6],""main"":[6,7,20,25,29]},{""auxiliary"":[5,11],""main"":[1,5,12,15,36]}]",synthetic_forward_replay
2,2025-09-17,frequency,3,0.37208001763255893,True,50.0,-0.00810328998906984,-85.95618079722547,8.979591836734693,66.0,3.3333333333333335,1.0174588852333848,60.71428571428572,1,1,11 13 28 35 40,2 3,"[{""auxiliary"":[8,10],""main"":[6,22,36,45,49]},{""auxiliary"":[8,10],""main"":[27,32,37,38,43]},{""auxiliary"":[9,11],""main"":[3,9,26,31,50]},{""auxiliary"":[5,6],""main"":[1,5,20,28,33]},{""auxiliary"":[4,7],""main"":[4,7,29,34,38]},{""auxiliary"":[6,9],""main"":[1,22,26,30,45]},{""auxiliary"":[2,8],""main"":[15,19,20,43,48]},{""auxiliary"":[2,8],""main"":[1,7,33,42,43]},{""auxiliary"":[3,4],""main"":[5,7,26,37,39]},{""auxiliary"":[7,10],""main"":[1,15,25,43,48]},{""auxiliary"":[6,9],""main"":[3,6,31,49,50]},{""auxiliary"":[4,10],""main"":[5,11,16,29,45]}]",synthetic_forward_replay
2,2025-09-17,unpopularity,1,0.6294027302733096,True,100.0,0.5343696091505479,-85.69885808458471,5.714285714285714,32.0,11.666666666666668,1.0361016259699638,100.0,1,1,11 13 28 35 40,2 3,"[{""auxiliary"":[3,8],""main"":[40,43,45,48,50]},{""auxiliary"":[1,10],""main"":[40,43,44,45,50]},{""auxiliary"":[2,8],""main"":[32,40,46,47,50]},{""auxiliary"":[8,12],""main"":[36,40,44,47,48]},{""auxiliary"":[6,12],""main"":[33,38,45,48,50]},{""auxiliary"":[4,7],""main"":[34,40,44,47,48]},{""auxiliary"":[2,12],""main"":[32,40,43,48,50]},{""auxiliary"":[4,6],""main"":[33,41,45,46,47]},{""auxiliary"":[11,12],""main"":[37,39,43,44,48]},{""auxiliary"":[1,6],""main"":[32,34,46,47,48]},{""auxiliary"":[1,6],""main"":[33,40,43,44,45]},{""auxiliary"":[1,9],""main"":[32,38,44,45,46]}]",synthetic_forward_replay
2,2025-09-17,gingerm,4,0.30920218919412434,True,100.0,0.18099195376805044,-86.0190586256639,5.795918367346939,36.0,0.0,1.012903457375397,46.42857142857142,0,1,11 13 28 35 40,2 3,"[{""auxiliary"":[1,3],""main"":[1,9,24,29,31]},{""auxiliary"":[1,3],""main"":[9,24,27,31,49]},{""auxiliary"":[1,3],""main"":[9,20,29,43,49]},{""auxiliary"":[1,3],""main"":[9,18,27,43,49]},{""auxiliary"":[1,5],""main"":[9,21,25,37,49]},{""auxiliary"":[1,5],""main"":[9,24,25,31,50]},{""auxiliary"":[1,5],""main"":[7,9,25,43,49]},{""auxiliary"":[1,5],""main"":[9,22,24,25,49]},{""auxiliary"":[1,5],""main"":[9,27,37,49,50]},{""auxiliary"":[1,5],""main"":[9,18,25,49,50]},{""auxiliary"":[1,5],""main"":[9,16,21,27,49]},{""auxiliary"":[1,6],""main"":[1,24,29,39,43]}]",synthetic_forward_replay
2,2025-09-17,spectral_contrarian,2,0.4899685247110708,True,100.0,0.4008898838966657,-85.83829229014695,8.979591836734693,80.0,8.333333333333332,1.0259997748063758,82.14285714285714,2,1,11 13 28 35 40,2 3,"[{""auxiliary"":[3,8],""main"":[7,18,26,38,48]},{""auxiliary"":[7,12],""main"":[4,15,22,35,42]},{""auxiliary"":[3,11],""main"":[1,8,19,33,40]},{""auxiliary"":[3,7],""main"":[6,17,24,37,47]},{""auxiliary"":[7,11],""main"":[3,14,21,34,41]},{""auxiliary"":[3,11],""main"":[7,18,32,39,49]},{""auxiliary"":[2,7],""main"":[5,15,23,36,47]},{""auxiliary"":[7,11],""main"":[2,13,20,34,40]},{""auxiliary"":[3,11],""main"":[6,17,31,38,48]},{""auxiliary"":[2,7],""main"":[4,14,22,35,46]},{""auxiliary"":[6,11],""main"":[12,19,33,39,50]},{""auxiliary"":[2,11],""main"":[6,16,30,37,47]}]",synthetic_forward_replay
2,2025-09-17,parallax,5,0.15328828840885933,True,50.0,-0.10116618832177182,-86.17497252644917,9.795918367346939,98.0,8.333333333333332,1.0016076708521673,44.642857142857146,1,1,11 13 28 35 40,2 3,"[{""auxiliary"":[7,12],""main"":[40,45,47,48,50]},{""auxiliary"":[3,10],""main"":[33,37,39,44,46]},{""auxiliary"":[2,5],""main"":[31,32,36,38,42]},{""auxiliary"":[4,11],""main"":[16,23,27,34,43]},{""auxiliary"":[8,9],""main"":[12,19,21,35,41]},{""auxiliary"":[1,6],""main"":[7,13,14,43,49]},{""auxiliary"":[1,5],""main"":[6,20,25,26,29]},{""auxiliary"":[3,6],""main"":[3,4,17,24,30]},{""auxiliary"":[4,10],""main"":[8,15,18,22,49]},{""auxiliary"":[11,12],""main"":[2,5,9,10,41]},{""auxiliary"":[2,9],""main"":[1,14,28,42,47]},{""auxiliary"":[7,8],""main"":[34,35,39,42,50]}]",synthetic_forward_replay
2,2025-09-17,coordinated_aggregation,6,0.15328828840885933,True,50.0,-0.10116618832177182,-86.17497252644917,9.795918367346939,98.0,8.333333333333332,1.0016076708521673,44.642857142857146,1,1,11 13 28 35 40,2 3,"[{""auxiliary"":[7,12],""main"":[40,45,47,48,50]},{""auxiliary"":[3,10],""main"":[33,37,39,44,46]},{""auxiliary"":[2,5],""main"":[31,32,36,38,42]},{""auxiliary"":[4,11],""main"":[16,23,27,34,43]},{""auxiliary"":[8,9],""main"":[12,19,21,35,41]},{""auxiliary"":[1,6],""main"":[7,13,14,43,49]},{""auxiliary"":[1,5],""main"":[6,20,25,26,29]},{""auxiliary"":[3,6],""main"":[3,4,17,24,30]},{""auxiliary"":[4,10],""main"":[8,15,18,22,49]},{""auxiliary"":[11,12],""main"":[2,5,9,10,41]},{""auxiliary"":[2,9],""main"":[1,14,28,42,47]},{""auxiliary"":[7,8],""main"":[34,35,39,42,50]}]",synthetic_forward_replay
3,2025-09-24,uniform_random,6,0.0,False,0.0,0.0,-86.261524262043,9.551020408163264,72.0,13.333333333333334,0.9953370950820871,39.28571428571429,2,1,15 17 36 47 48,7 10,"[{""auxiliary"":[3,8],""main"":[5,16,28,40,44]},{""auxiliary"":[4,12],""main"":[3,5,23,34,36]},{""auxiliary"":[3,7],""main"":[11,22,32,36,43]},{""auxiliary"":[8,9],""main"":[1,2,34,42,48]},{""auxiliary"":[6,11],""main"":[14,15,21,22,30]},{""auxiliary"":[6,11],""main"":[4,6,8,42,50]},{""auxiliary"":[6,7],""main"":[8,24,28,30,35]},{""auxiliary"":[2,11],""main"":[7,15,24,45,47]},{""auxiliary"":[5,7],""main"":[9,12,15,30,31]},{""auxiliary"":[6,10],""main"":[3,11,41,43,47]},{""auxiliary"":[3,8],""main"":[7,25,28,30,43]},{""auxiliary"":[3,10],""main"":[2,5,8,11,33]}]",synthetic_forward_replay
3,2025-09-24,frequency,3,0.1470167599876948,True,66.66666666666666,0.04360339333651838,-86.1145075020553,9.142857142857142,64.0,10.000000000000002,1.005988293774402,67.85714285714288,1,1,15 17 36 47 48,7 10,"[{""auxiliary"":[1,5],""main"":[11,17,26,28,46]},{""auxiliary"":[2,6],""main"":[18,27,36,45,50]},{""auxiliary"":[3,9],""main"":[1,9,29,35,43]},{""auxiliary"":[2,6],""main"":[9,15,30,38,41]},{""auxiliary"":[6,11],""main"":[4,11,22,36,42]},{""auxiliary"":[7,12],""main"":[3,9,17,27,35]},{""auxiliary"":[3,7],""main"":[2,7,9,36,45]},{""auxiliary"":[5,10],""main"":[3,21,24,30,39]},{""auxiliary"":[8,10],""main"":[7,9,26,43,45]},{""auxiliary"":[3,10],""main"":[1,4,11,16,43]},{""auxiliary"":[4,5],""main"":[7,19,21,28,41]},{""auxiliary"":[5,9],""main"":[3,34,41,43,49]}]",synthetic_forward_replay
3,2025-09-24,unpopularity,1,0.5626993839643379,True,100.0,0.5438128674218112,-85.69882487807867,5.387755102040816,30.0,25.000000000000007,1.0361040317439276,100.0,2,2,15 17 36 47 48,7 10,"[{""auxiliary"":[1,2],""main"":[40,43,45,47,50]},{""auxiliary"":[5,6],""main"":[38,41,47,48,50]},{""auxiliary"":[5,8],""main"":[36,43,44,46,48]},{""auxiliary"":[5,8],""main"":[37,41,43,46,50]},{""auxiliary"":[3,6],""main"":[33,39,44,48,50]},{""auxiliary"":[1,3],""main"":[33,39,44,48,50]},{""auxiliary"":[2,9],""main"":[36,41,43,44,50]},{""auxiliary"":[4,10],""main"":[36,40,44,45,47]},{""auxiliary"":[2,4],""main"":[33,40,44,47,48]},{""auxiliary"":[2,10],""main"":[33,40,41,47,50]},{""auxiliary"":[4,9],""main"":[36,39,41,45,50]},{""auxiliary"":[7,10],""main"":[34,41,43,45,47]}]",synthetic_forward_replay
3,2025-09-24,gingerm,7,-0.5367258914921513,False,66.66666666666666,-0.05824732798535015,-86.79825015353515,6.040816326530613,38.0,0.0,0.9564519086987711,14.285714285714285,0,1,15 17 36 47 48,7 10,"[{""auxiliary"":[1,5],""main"":[9,21,25,27,49]},{""auxiliary"":[1,5],""main"":[9,22,25,49,50]},{""auxiliary"":[1,5],""main"":[7,9,24,27,49]},{""auxiliary"":[1,6],""main"":[1,5,29,43,49]},{""auxiliary"":[1,6],""main"":[1,3,20,29,43]},{""auxiliary"":[1,6],""main"":[1,24,29,31,32]},{""auxiliary"":[1,6],""main"":[1,5,7,24,29]},{""auxiliary"":[1,9],""main"":[5,7,9,49,50]},{""auxiliary"":[1,9],""main"":[1,3,9,24,29]},{""auxiliary"":[1,10],""main"":[1,18,19,24,27]},{""auxiliary"":[1,10],""main"":[1,5,18,19,29]},{""auxiliary"":[1,5],""main"":[9,21,25,49,50]}]",synthetic_forward_replay
3,2025-09-24,spectral_contrarian,2,0.43399157341377226,True,100.0,0.4119237804023679,-85.82753268862923,8.979591836734693,80.0,16.666666666666664,1.0267792958189785,85.71428571428572,2,1,15 17 36 47 48,7 10,"[{""auxiliary"":[3,8],""main"":[6,18,26,38,48]},{""auxiliary"":[7,12],""main"":[4,15,22,36,42]},{""auxiliary"":[4,11],""main"":[1,8,19,33,40]},{""auxiliary"":[3,8],""main"":[6,17,24,37,47]},{""auxiliary"":[7,11],""main"":[3,14,21,34,41]},{""auxiliary"":[3,11],""main"":[7,18,32,39,49]},{""auxiliary"":[2,7],""main"":[5,16,23,36,47]},{""auxiliary"":[7,11],""main"":[2,13,20,34,40]},{""auxiliary"":[3,11],""main"":[6,17,31,38,48]},{""auxiliary"":[2,7],""main"":[4,14,22,35,46]},{""auxiliary"":[6,11],""main"":[12,19,33,39,50]},{""auxiliary"":[3,11],""main"":[6,16,30,37,47]}]",synthetic_forward_replay
3,2025-09-24,parallax,4,0.04208192435979363,True,66.66666666666666,-0.05341681742791667,-86.2194423376832,9.795918367346939,96.0,10.0,0.9983858831097144,46.42857142857143,1,2,15 17 36 47 48,7 10,"[{""auxiliary"":[6,11],""main"":[38,44,46,48,50]},{""auxiliary"":[8,12],""main"":[32,40,41,43,47]},{""auxiliary"":[4,5],""main"":[33,34,36,37,45]},{""auxiliary"":[2,7],""main"":[1,9,35,39,49]},{""auxiliary"":[3,9],""main"":[10,18,22,23,29]},{""auxiliary"":[1,10],""main"":[2,8,17,21,42]},{""auxiliary"":[6,8],""main"":[19,20,24,27,30]},{""auxiliary"":[2,9],""main"":[6,7,16,25,26]},{""auxiliary"":[5,11],""main"":[3,14,15,31,33]},{""auxiliary"":[3,12],""main"":[11,13,35,43,44]},{""auxiliary"":[7,10],""main"":[4,5,20,39,46]},{""auxiliary"":[1,4],""main"":[25,45,47,49,50]}]",synthetic_forward_replay
3,2025-09-24,coordinated_aggregation,5,0.04208192435979363,True,66.66666666666666,-0.05341681742791667,-86.2194423376832,9.795918367346939,96.0,10.0,0.9983858831097144,46.42857142857143,1,2,15 17 36 47 48,7 10,"[{""auxiliary"":[6,11],""main"":[38,44,46,48,50]},{""auxiliary"":[8,12],""main"":[32,40,41,43,47]},{""auxiliary"":[4,5],""main"":[33,34,36,37,45]},{""auxiliary"":[2,7],""main"":[1,9,35,39,49]},{""auxiliary"":[3,9],""main"":[10,18,22,23,29]},{""auxiliary"":[1,10],""main"":[2,8,17,21,42]},{""auxiliary"":[6,8],""main"":[19,20,24,27,30]},{""auxiliary"":[2,9],""main"":[6,7,16,25,26]},{""auxiliary"":[5,11],""main"":[3,14,15,31,33]},{""auxiliary"":[3,12],""main"":[11,13,35,43,44]},{""auxiliary"":[7,10],""main"":[4,5,20,39,46]},{""auxiliary"":[1,4],""main"":[25,45,47,49,50]}]",synthetic_forward_replay
4,2025-10-01,uniform_random,3,0.0,False,0.0,0.0,-85.97157050339526,8.979591836734693,62.0,11.666666666666666,1.0163439183531167,75.00000000000001,1,1,4 11 19 36 47,6 9,"[{""auxiliary"":[4,9],""main"":[13,24,39,48,50]},{""auxiliary"":[5,9],""main"":[3,17,37,46,47]},{""auxiliary"":[1,8],""main"":[8,27,40,41,47]},{""auxiliary"":[7,11],""main"":[2,3,5,39,48]},{""auxiliary"":[7,8],""main"":[3,5,8,16,40]},{""auxiliary"":[1,11],""main"":[6,12,13,48,49]},{""auxiliary"":[1,9],""main"":[3,13,18,29,36]},{""auxiliary"":[1,7],""main"":[4,26,27,29,40]},{""auxiliary"":[1,4],""main"":[12,15,27,32,36]},{""auxiliary"":[4,9],""main"":[2,4,7,35,50]},{""auxiliary"":[1,8],""main"":[3,17,23,35,37]},{""auxiliary"":[6,10],""main"":[18,27,32,34,47]}]",synthetic_forward_replay
4,2025-10-01,frequency,4,-0.11806989578020399,False,50.0,0.003185071057337785,-86.08964039917547,9.224489795918366,68.0,15.000000000000002,1.0077898873729667,67.85714285714286,2,1,4 11 19 36 47,6 9,"[{""auxiliary"":[9,10],""main"":[16,25,30,42,49]},{""auxiliary"":[10,12],""main"":[14,15,20,41,48]},{""auxiliary"":[9,12],""main"":[3,31,34,37,42]},{""auxiliary"":[5,12],""main"":[5,18,45,48,50]},{""auxiliary"":[1,3],""main"":[15,33,36,38,50]},{""auxiliary"":[2,8],""main"":[3,4,14,16,47]},{""auxiliary"":[8,12],""main"":[4,13,24,28,29]},{""auxiliary"":[2,6],""main"":[1,4,19,24,29]},{""auxiliary"":[1,2],""main"":[21,25,26,37,47]},{""auxiliary"":[8,10],""main"":[16,26,28,33,46]},{""auxiliary"":[1,2],""main"":[26,36,46,47,50]},{""auxiliary"":[2,4],""main"":[15,20,39,40,45]}]",synthetic_forward_replay
4,2025-10-01,unpopularity,1,0.27280088316490314,True,100.0,0.4760598713575842,-85.69876962023035,5.061224489795919,30.0,6.666666666666667,1.0361080351128082,82.14285714285714,2,1,4 11 19 36 47,6 9,"[{""auxiliary"":[5,8],""main"":[38,45,46,48,50]},{""auxiliary"":[6,7],""main"":[33,46,47,48,50]},{""auxiliary"":[8,10],""main"":[36,44,45,47,50]},{""auxiliary"":[2,7],""main"":[34,43,46,48,50]},{""auxiliary"":[7,9],""main"":[37,39,45,48,50]},{""auxiliary"":[7,10],""main"":[34,44,45,46,50]},{""auxiliary"":[5,7],""main"":[37,41,44,46,50]},{""auxiliary"":[4,5],""main"":[37,41,43,46,50]},{""auxiliary"":[5,12],""main"":[37,40,43,46,50]},{""auxiliary"":[1,7],""main"":[41,45,47,48,50]},{""auxiliary"":[2,8],""main"":[33,39,43,48,50]},{""auxiliary"":[9,12],""main"":[37,39,44,45,48]}]",synthetic_forward_replay
4,2025-10-01,gingerm,5,-0.6770228154459157,False,50.0,-0.21294119985049154,-86.64859331884117,6.36734693877551,38.0,0.0,0.9672943778303302,35.71428571428571,0,1,4 11 19 36 47,6 9,"[{""auxiliary"":[1,5],""main"":[9,18,21,27,49]},{""auxiliary"":[1,5],""main"":[9,21,24,25,49]},{""auxiliary"":[1,5],""main"":[9,25,27,37,49]},{""auxiliary"":[1,5],""main"":[5,9,25,49,50]},{""auxiliary"":[1,5],""main"":[7,9,24,27,49]},{""auxiliary"":[1,5],""main"":[9,22,25,43,49]},{""auxiliary"":[1,6],""main"":[1,5,20,29,43]},{""auxiliary"":[1,6],""main"":[1,5,7,24,29]},{""auxiliary"":[1,6],""main"":[1,9,29,43,49]},{""auxiliary"":[1,6],""main"":[1,24,27,29,31]},{""auxiliary"":[1,9],""main"":[1,3,9,24,29]},{""auxiliary"":[1,10],""main"":[1,5,18,29,48]}]",synthetic_forward_replay
4,2025-10-01,spectral_contrarian,2,0.1358239901753877,True,100.0,0.34289883284562284,-85.83574651321987,8.89795918367347,80.0,10.0,1.0261842134777137,78.57142857142858,1,1,4 11 19 36 47,6 9,"[{""auxiliary"":[3,8],""main"":[6,18,26,38,48]},{""auxiliary"":[7,12],""main"":[4,15,22,35,42]},{""auxiliary"":[3,11],""main"":[1,8,19,33,39]},{""auxiliary"":[3,8],""main"":[6,17,24,37,47]},{""auxiliary"":[7,11],""main"":[3,14,21,34,41]},{""auxiliary"":[3,11],""main"":[7,18,32,38,49]},{""auxiliary"":[2,7],""main"":[5,15,23,36,46]},{""auxiliary"":[7,11],""main"":[2,13,20,34,40]},{""auxiliary"":[3,11],""main"":[6,17,31,38,48]},{""auxiliary"":[2,7],""main"":[3,14,22,35,46]},{""auxiliary"":[6,11],""main"":[12,19,33,39,50]},{""auxiliary"":[2,11],""main"":[5,16,30,37,47]}]",synthetic_forward_replay
4,2025-10-01,parallax,6,-0.7721956427929944,False,50.0,-0.2331115237691861,-86.74376614618825,9.795918367346939,96.0,10.0,0.9603992136717123,30.357142857142854,2,1,4 11 19 36 47,6 9,"[{""auxiliary"":[9,10],""main"":[40,45,47,48,50]},{""auxiliary"":[2,12],""main"":[36,41,43,44,46]},{""auxiliary"":[1,5],""main"":[32,33,34,35,49]},{""auxiliary"":[4,8],""main"":[16,27,30,37,39]},{""auxiliary"":[3,11],""main"":[15,24,38,42,45]},{""auxiliary"":[6,7],""main"":[4,6,7,11,23]},{""auxiliary"":[2,4],""main"":[13,18,22,25,31]},{""auxiliary"":[1,6],""main"":[17,21,28,29,39]},{""auxiliary"":[3,7],""main"":[5,8,10,20,30]},{""auxiliary"":[9,11],""main"":[1,9,14,19,31]},{""auxiliary"":[5,8],""main"":[12,24,26,34,39]},{""auxiliary"":[10,12],""main"":[22,36,37,38,48]}]",synthetic_forward_replay
4,2025-10-01,coordinated_aggregation,7,-0.7721956427929944,False,50.0,-0.2331115237691861,-86.74376614618825,9.795918367346939,96.0,10.0,0.9603992136717123,30.357142857142854,2,1,4 11 19 36 47,6 9,"[{""auxiliary"":[9,10],""main"":[40,45,47,48,50]},{""auxiliary"":[2,12],""main"":[36,41,43,44,46]},{""auxiliary"":[1,5],""main"":[32,33,34,35,49]},{""auxiliary"":[4,8],""main"":[16,27,30,37,39]},{""auxiliary"":[3,11],""main"":[15,24,38,42,45]},{""auxiliary"":[6,7],""main"":[4,6,7,11,23]},{""auxiliary"":[2,4],""main"":[13,18,22,25,31]},{""auxiliary"":[1,6],""main"":[17,21,28,29,39]},{""auxiliary"":[3,7],""main"":[5,8,10,20,30]},{""auxiliary"":[9,11],""main"":[1,9,14,19,31]},{""auxiliary"":[5,8],""main"":[12,24,26,34,39]},{""auxiliary"":[10,12],""main"":[22,36,37,38,48]}]",synthetic_forward_replay
5,2025-10-08,uniform_random,3,0.0,False,0.0,0.0,-85.89301723159944,9.306122448979593,72.0,6.666666666666667,1.022035014428819,62.500000000000014,2,1,6 15 18 33 48,7 12,"[{""auxiliary"":[6,8],""main"":[12,15,41,42,47]},{""auxiliary"":[4,12],""main"":[18,20,33,34,36]},{""auxiliary"":[2,6],""main"":[20,21,30,34,43]},{""auxiliary"":[1,6],""main"":[7,10,23,29,50]},{""auxiliary"":[2,6],""main"":[8,10,11,24,44]},{""auxiliary"":[4,11],""main"":[11,16,34,38,43]},{""auxiliary"":[2,5],""main"":[9,11,26,31,47]},{""auxiliary"":[6,7],""main"":[10,19,36,39,42]},{""auxiliary"":[2,7],""main"":[21,39,41,47,48]},{""auxiliary"":[7,9],""main"":[7,22,23,38,45]},{""auxiliary"":[2,4],""main"":[10,22,30,32,35]},{""auxiliary"":[2,10],""main"":[10,17,23,32,37]}]",synthetic_forward_replay
5,2025-10-08,frequency,6,-0.5968094809550073,False,40.0,-0.11681383934513123,-86.48982671255445,9.387755102040817,72.0,6.666666666666667,0.97879683965445,30.35714285714286,1,1,6 15 18 33 48,7 12,"[{""auxiliary"":[8,9],""main"":[13,32,41,45,49]},{""auxiliary"":[10,12],""main"":[15,22,31,39,50]},{""auxiliary"":[5,6],""main"":[5,11,20,24,36]},{""auxiliary"":[1,3],""main"":[9,11,15,17,25]},{""auxiliary"":[3,8],""main"":[4,18,22,24,44]},{""auxiliary"":[9,12],""main"":[7,10,11,12,23]},{""auxiliary"":[4,12],""main"":[11,12,23,26,42]},{""auxiliary"":[3,7],""main"":[7,25,27,38,45]},{""auxiliary"":[2,9],""main"":[11,23,29,35,37]},{""auxiliary"":[11,12],""main"":[18,23,25,31,46]},{""auxiliary"":[3,12],""main"":[13,16,37,47,50]},{""auxiliary"":[4,7],""main"":[3,13,17,24,50]}]",synthetic_forward_replay
5,2025-10-08,unpopularity,1,0.1942031145369949,True,100.0,0.41968851999346635,-85.69881411706245,5.551020408163265,30.0,11.666666666666666,1.0361048113674345,96.42857142857144,2,1,6 15 18 33 48,7 12,"[{""auxiliary"":[6,10],""main"":[40,44,45,48,50]},{""auxiliary"":[1,10],""main"":[38,41,44,48,50]},{""auxiliary"":[7,11],""main"":[39,41,43,46,50]},{""auxiliary"":[1,2],""main"":[37,41,45,46,50]},{""auxiliary"":[8,10],""main"":[38,39,45,46,50]},{""auxiliary"":[6,11],""main"":[39,40,44,45,50]},{""auxiliary"":[5,10],""main"":[32,39,46,48,50]},{""auxiliary"":[3,6],""main"":[32,43,44,45,50]},{""auxiliary"":[4,6],""main"":[36,40,41,45,50]},{""auxiliary"":[10,12],""main"":[33,39,43,47,48]},{""auxiliary"":[9,10],""main"":[40,45,46,47,48]},{""auxiliary"":[1,8],""main"":[36,39,40,45,48]}]",synthetic_forward_replay
5,2025-10-08,gingerm,7,-0.9493164872110382,False,40.0,-0.3602162573226009,-86.84233371881048,6.612244897959184,42.0,3.3333333333333335,0.9532581040410396,14.285714285714285,1,0,6 15 18 33 48,7 12,"[{""auxiliary"":[1,5],""main"":[6,9,25,49,50]},{""auxiliary"":[1,5],""main"":[7,9,18,27,49]},{""auxiliary"":[1,5],""main"":[9,21,24,25,49]},{""auxiliary"":[1,5],""main"":[9,25,27,37,49]},{""auxiliary"":[1,5],""main"":[9,22,25,43,49]},{""auxiliary"":[1,6],""main"":[1,5,29,43,49]},{""auxiliary"":[1,6],""main"":[1,5,19,24,31]},{""auxiliary"":[1,6],""main"":[1,24,29,31,36]},{""auxiliary"":[1,6],""main"":[1,19,20,29,43]},{""auxiliary"":[1,6],""main"":[1,5,7,24,29]},{""auxiliary"":[1,9],""main"":[1,3,5,9,29]},{""auxiliary"":[1,9],""main"":[5,7,9,49,50]}]",synthetic_forward_replay
5,2025-10-08,spectral_contrarian,2,0.060326514020503375,True,100.0,0.28638436908059894,-85.83269071757894,8.571428571428571,78.0,20.000000000000004,1.0264056024304944,89.28571428571428,3,2,6 15 18 33 48,7 12,"[{""auxiliary"":[3,8],""main"":[6,18,26,38,48]},{""auxiliary"":[7,12],""main"":[4,15,23,35,42]},{""auxiliary"":[3,11],""main"":[1,8,19,33,39]},{""auxiliary"":[3,8],""main"":[6,17,24,37,47]},{""auxiliary"":[7,11],""main"":[3,14,22,34,41]},{""auxiliary"":[3,11],""main"":[7,18,32,38,49]},{""auxiliary"":[2,7],""main"":[5,15,23,36,46]},{""auxiliary"":[7,11],""main"":[2,13,21,34,40]},{""auxiliary"":[3,11],""main"":[6,17,31,38,48]},{""auxiliary"":[2,7],""main"":[3,14,22,35,46]},{""auxiliary"":[6,11],""main"":[12,19,33,39,50]},{""auxiliary"":[2,11],""main"":[6,16,30,37,47]}]",synthetic_forward_replay
5,2025-10-08,parallax,4,-0.3503129144002748,False,40.0,-0.25655180189540383,-86.24333014599972,9.795918367346939,98.0,8.333333333333332,0.9966552382993922,53.57142857142857,1,1,6 15 18 33 48,7 12,"[{""auxiliary"":[2,8],""main"":[40,44,47,48,50]},{""auxiliary"":[10,12],""main"":[33,39,43,45,46]},{""auxiliary"":[7,11],""main"":[36,37,38,41,42]},{""auxiliary"":[1,9],""main"":[15,16,22,32,35]},{""auxiliary"":[3,6],""main"":[13,17,24,25,34]},{""auxiliary"":[4,5],""main"":[1,19,30,31,41]},{""auxiliary"":[1,2],""main"":[10,14,18,29,49]},{""auxiliary"":[8,11],""main"":[4,7,21,23,27]},{""auxiliary"":[4,9],""main"":[6,11,20,26,49]},{""auxiliary"":[5,6],""main"":[8,12,23,28,36]},{""auxiliary"":[3,12],""main"":[5,32,39,42,50]},{""auxiliary"":[7,10],""main"":[3,9,21,35,37]}]",synthetic_forward_replay
5,2025-10-08,coordinated_aggregation,5,-0.3503129144002748,False,40.0,-0.25655180189540383,-86.24333014599972,9.795918367346939,98.0,8.333333333333332,0.9966552382993922,53.57142857142857,1,1,6 15 18 33 48,7 12,"[{""auxiliary"":[2,8],""main"":[40,44,47,48,50]},{""auxiliary"":[10,12],""main"":[33,39,43,45,46]},{""auxiliary"":[7,11],""main"":[36,37,38,41,42]},{""auxiliary"":[1,9],""main"":[15,16,22,32,35]},{""auxiliary"":[3,6],""main"":[13,17,24,25,34]},{""auxiliary"":[4,5],""main"":[1,19,30,31,41]},{""auxiliary"":[1,2],""main"":[10,14,18,29,49]},{""auxiliary"":[8,11],""main"":[4,7,21,23,27]},{""auxiliary"":[4,9],""main"":[6,11,20,26,49]},{""auxiliary"":[5,6],""main"":[8,12,23,28,36]},{""auxiliary"":[3,12],""main"":[5,32,39,42,50]},{""auxiliary"":[7,10],""main"":[3,9,21,35,37]}]",synthetic_forward_replay
6,2025-10-15,uniform_random,3,0.0,False,0.0,0.0,-86.07330629972792,9.306122448979593,70.0,10.0,1.0089732744826427,71.42857142857144,2,2,13 19 26 38 41,4 8,"[{""auxiliary"":[4,10],""main"":[5,14,24,32,50]},{""auxiliary"":[5,7],""main"":[8,14,15,26,34]},{""auxiliary"":[4,5],""main"":[4,5,25,35,49]},{""auxiliary"":[4,7],""main"":[7,17,35,38,48]},{""auxiliary"":[11,12],""main"":[3,6,19,26,29]},{""auxiliary"":[4,8],""main"":[9,18,24,33,50]},{""auxiliary"":[4,10],""main"":[7,28,30,42,48]},{""auxiliary"":[3,10],""main"":[9,11,28,37,42]},{""auxiliary"":[1,4],""main"":[6,15,19,32,36]},{""auxiliary"":[6,7],""main"":[10,30,37,47,48]},{""auxiliary"":[6,8],""main"":[4,12,13,32,40]},{""auxiliary"":[1,2],""main"":[3,4,7,33,49]}]",synthetic_forward_replay
6,2025-10-15,frequency,4,-0.34195334915305686,False,33.33333333333333,-0.1543370909797855,-86.41525964888098,8.979591836734693,70.0,13.333333333333334,0.9841991394409202,67.85714285714286,2,1,13 19 26 38 41,4 8,"[{""auxiliary"":[4,7],""main"":[5,9,15,25,27]},{""auxiliary"":[6,12],""main"":[9,19,23,27,45]},{""auxiliary"":[1,4],""main"":[8,22,26,31,38]},{""auxiliary"":[3,12],""main"":[6,20,22,31,48]},{""auxiliary"":[8,10],""main"":[9,16,19,25,27]},{""auxiliary"":[3,10],""main"":[13,18,22,43,46]},{""auxiliary"":[2,6],""main"":[11,29,31,38,40]},{""auxiliary"":[4,6],""main"":[11,16,27,39,49]},{""auxiliary"":[2,7],""main"":[4,26,33,41,48]},{""auxiliary"":[7,8],""main"":[1,3,16,33,47]},{""auxiliary"":[1,3],""main"":[3,4,23,24,27]},{""auxiliary"":[2,6],""main"":[1,10,14,15,31]}]",synthetic_forward_replay
6,2025-10-15,unpopularity,1,0.37447952221868475,True,100.0,0.41215368703100275,-85.69882677750923,6.040816326530613,32.0,5.000000000000001,1.036103894132323,82.14285714285714,1,2,13 19 26 38 41,4 8,"[{""auxiliary"":[1,11],""main"":[37,43,44,46,50]},{""auxiliary"":[2,12],""main"":[34,43,44,48,50]},{""auxiliary"":[1,7],""main"":[33,44,45,47,50]},{""auxiliary"":[2,4],""main"":[32,43,46,48,50]},{""auxiliary"":[4,10],""main"":[36,39,45,47,50]},{""auxiliary"":[1,12],""main"":[38,40,43,46,50]},{""auxiliary"":[4,8],""main"":[34,39,45,47,50]},{""auxiliary"":[5,9],""main"":[37,40,43,45,47]},{""auxiliary"":[6,10],""main"":[32,36,45,48,50]},{""auxiliary"":[7,9],""main"":[32,39,44,45,50]},{""auxiliary"":[9,11],""main"":[34,40,41,47,48]},{""auxiliary"":[5,9],""main"":[38,39,40,45,48]}]",synthetic_forward_replay
6,2025-10-15,gingerm,5,-0.5084679549455351,False,33.33333333333333,-0.3849248735930899,-86.58177425467345,6.2857142857142865,40.0,3.3333333333333335,0.972135343778325,35.71428571428571,1,0,13 19 26 38 41,4 8,"[{""auxiliary"":[1,5],""main"":[6,9,25,49,50]},{""auxiliary"":[1,5],""main"":[9,18,21,27,49]},{""auxiliary"":[1,5],""main"":[7,9,25,27,49]},{""auxiliary"":[1,5],""main"":[9,22,25,43,49]},{""auxiliary"":[1,5],""main"":[9,21,24,25,49]},{""auxiliary"":[1,6],""main"":[1,20,29,43,49]},{""auxiliary"":[1,6],""main"":[1,19,20,24,29]},{""auxiliary"":[1,6],""main"":[1,19,24,31,32]},{""auxiliary"":[1,6],""main"":[1,7,24,29,31]},{""auxiliary"":[1,6],""main"":[1,5,24,29,43]},{""auxiliary"":[1,9],""main"":[1,3,9,24,29]},{""auxiliary"":[1,9],""main"":[1,5,9,29,49]}]",synthetic_forward_replay
6,2025-10-15,spectral_contrarian,2,0.24142484816144227,True,100.0,0.2788911155940728,-85.83188145156647,8.979591836734693,80.0,11.666666666666666,1.0264642328417093,85.71428571428572,2,1,13 19 26 38 41,4 8,"[{""auxiliary"":[3,8],""main"":[6,18,26,38,48]},{""auxiliary"":[7,12],""main"":[4,15,23,35,42]},{""auxiliary"":[3,11],""main"":[1,8,20,33,40]},{""auxiliary"":[2,7],""main"":[6,17,25,37,47]},{""auxiliary"":[7,11],""main"":[3,14,22,34,41]},{""auxiliary"":[3,11],""main"":[7,19,32,39,49]},{""auxiliary"":[2,7],""main"":[5,16,23,36,46]},{""auxiliary"":[6,11],""main"":[2,13,21,34,40]},{""auxiliary"":[3,11],""main"":[6,17,31,38,48]},{""auxiliary"":[2,7],""main"":[3,14,22,35,46]},{""auxiliary"":[6,11],""main"":[12,19,33,39,50]},{""auxiliary"":[2,11],""main"":[5,16,30,37,47]}]",synthetic_forward_replay
6,2025-10-15,parallax,6,-0.6417961833027785,False,33.33333333333333,-0.32075919879663295,-86.71510248303069,9.795918367346939,100.0,8.333333333333332,0.9624758637867492,28.57142857142857,2,2,13 19 26 38 41,4 8,"[{""auxiliary"":[5,10],""main"":[37,45,47,48,50]},{""auxiliary"":[11,12],""main"":[32,39,43,44,46]},{""auxiliary"":[4,8],""main"":[25,36,38,40,41]},{""auxiliary"":[1,3],""main"":[23,24,30,31,33]},{""auxiliary"":[6,7],""main"":[13,14,17,26,49]},{""auxiliary"":[2,9],""main"":[2,3,4,15,42]},{""auxiliary"":[7,12],""main"":[18,19,22,27,35]},{""auxiliary"":[8,11],""main"":[6,7,10,16,21]},{""auxiliary"":[3,5],""main"":[5,9,20,25,34]},{""auxiliary"":[6,10],""main"":[1,12,18,29,47]},{""auxiliary"":[1,2],""main"":[28,34,40,46,50]},{""auxiliary"":[4,9],""main"":[6,8,11,15,31]}]",synthetic_forward_replay
6,2025-10-15,coordinated_aggregation,7,-0.6417961833027785,False,33.33333333333333,-0.32075919879663295,-86.71510248303069,9.795918367346939,100.0,8.333333333333332,0.9624758637867492,28.57142857142857,2,2,13 19 26 38 41,4 8,"[{""auxiliary"":[5,10],""main"":[37,45,47,48,50]},{""auxiliary"":[11,12],""main"":[32,39,43,44,46]},{""auxiliary"":[4,8],""main"":[25,36,38,40,41]},{""auxiliary"":[1,3],""main"":[23,24,30,31,33]},{""auxiliary"":[6,7],""main"":[13,14,17,26,49]},{""auxiliary"":[2,9],""main"":[2,3,4,15,42]},{""auxiliary"":[7,12],""main"":[18,19,22,27,35]},{""auxiliary"":[8,11],""main"":[6,7,10,16,21]},{""auxiliary"":[3,5],""main"":[5,9,20,25,34]},{""auxiliary"":[6,10],""main"":[1,12,18,29,47]},{""auxiliary"":[1,2],""main"":[28,34,40,46,50]},{""auxiliary"":[4,9],""main"":[6,8,11,15,31]}]",synthetic_forward_replay
7,2025-10-22,uniform_random,4,0.0,False,0.0,0.0,-86.18884679787143,9.387755102040817,68.0,10.0,1.0006024955126895,53.57142857142857,2,1,22 35 43 46 49,8 10,"[{""auxiliary"":[2,12],""main"":[4,22,34,40,48]},{""auxiliary"":[2,9],""main"":[6,11,25,32,36]},{""auxiliary"":[2,3],""main"":[8,20,22,23,27]},{""auxiliary"":[3,9],""main"":[8,39,40,49,50]},{""auxiliary"":[7,10],""main"":[2,15,26,27,31]},{""auxiliary"":[9,12],""main"":[6,7,9,26,30]},{""auxiliary"":[1,7],""main"":[25,26,27,45,47]},{""auxiliary"":[2,5],""main"":[22,24,28,35,42]},{""auxiliary"":[1,4],""main"":[2,30,43,45,48]},{""auxiliary"":[5,11],""main"":[13,19,31,45,47]},{""auxiliary"":[3,5],""main"":[16,31,36,40,48]},{""auxiliary"":[4,12],""main"":[28,31,34,39,48]}]",synthetic_forward_replay
7,2025-10-22,frequency,3,0.2063624922365892,True,42.857142857142854,-0.10280857909173198,-85.98248430563484,9.224489795918366,68.0,8.333333333333332,1.015553225671871,57.14285714285715,2,1,22 35 43 46 49,8 10,"[{""auxiliary"":[1,7],""main"":[4,7,40,49,50]},{""auxiliary"":[6,10],""main"":[5,6,11,33,41]},{""auxiliary"":[6,10],""main"":[8,9,20,40,42]},{""auxiliary"":[7,8],""main"":[1,8,20,26,38]},{""auxiliary"":[5,7],""main"":[15,21,27,29,39]},{""auxiliary"":[9,10],""main"":[14,16,19,28,46]},{""auxiliary"":[7,8],""main"":[6,9,20,24,47]},{""auxiliary"":[6,9],""main"":[15,16,20,43,44]},{""auxiliary"":[4,9],""main"":[1,21,38,40,41]},{""auxiliary"":[3,4],""main"":[15,29,31,33,39]},{""auxiliary"":[2,9],""main"":[5,16,38,43,49]},{""auxiliary"":[6,10],""main"":[3,6,14,26,48]}]",synthetic_forward_replay
7,2025-10-22,unpopularity,1,0.4900211817027933,True,100.0,0.42327761484125853,-85.69882561616863,6.204081632653061,32.0,15.0,1.0361039782701407,96.42857142857144,1,1,22 35 43 46 49,8 10,"[{""auxiliary"":[2,10],""main"":[39,40,46,47,50]},{""auxiliary"":[2,6],""main"":[37,44,45,46,50]},{""auxiliary"":[6,8],""main"":[32,44,45,48,50]},{""auxiliary"":[2,12],""main"":[36,38,46,47,50]},{""auxiliary"":[4,12],""main"":[33,43,44,47,48]},{""auxiliary"":[2,10],""main"":[34,41,44,46,50]},{""auxiliary"":[11,12],""main"":[34,40,46,47,48]},{""auxiliary"":[6,8],""main"":[37,40,43,44,48]},{""auxiliary"":[4,8],""main"":[33,37,45,47,50]},{""auxiliary"":[1,8],""main"":[36,40,44,45,46]},{""auxiliary"":[9,10],""main"":[37,39,41,46,47]},{""auxiliary"":[5,7],""main"":[32,38,45,47,48]}]",synthetic_forward_replay
7,2025-10-22,gingerm,7,-0.5445904685463576,False,28.57142857142857,-0.4077342443006996,-86.7334372664178,6.040816326530613,36.0,18.333333333333336,0.9611475293788024,35.714285714285715,3,0,22 35 43 46 49,8 10,"[{""auxiliary"":[1,5],""main"":[9,22,25,43,49]},{""auxiliary"":[1,5],""main"":[9,20,25,49,50]},{""auxiliary"":[1,5],""main"":[7,9,24,25,49]},{""auxiliary"":[1,5],""main"":[9,21,25,27,49]},{""auxiliary"":[1,5],""main"":[7,9,18,27,49]},{""auxiliary"":[1,6],""main"":[1,20,24,29,43]},{""auxiliary"":[1,6],""main"":[1,9,29,43,49]},{""auxiliary"":[1,6],""main"":[1,5,19,24,31]},{""auxiliary"":[1,6],""main"":[1,19,20,29,31]},{""auxiliary"":[1,6],""main"":[1,7,24,29,31]},{""auxiliary"":[1,6],""main"":[1,5,7,29,43]},{""auxiliary"":[1,9],""main"":[1,3,5,24,29]}]",synthetic_forward_replay
7,2025-10-22,spectral_contrarian,2,0.3458251392587264,True,100.0,0.28845311897473763,-85.84302165861271,9.142857142857142,80.0,11.666666666666666,1.025657137387199,82.14285714285714,3,1,22 35 43 46 49,8 10,"[{""auxiliary"":[3,8],""main"":[6,18,26,38,48]},{""auxiliary"":[7,12],""main"":[4,14,23,35,42]},{""auxiliary"":[3,11],""main"":[1,8,20,33,40]},{""auxiliary"":[2,7],""main"":[6,17,25,37,47]},{""auxiliary"":[7,11],""main"":[2,14,22,34,41]},{""auxiliary"":[3,11],""main"":[7,18,32,39,49]},{""auxiliary"":[2,7],""main"":[5,15,23,36,46]},{""auxiliary"":[6,11],""main"":[2,13,21,34,40]},{""auxiliary"":[3,11],""main"":[6,17,31,38,48]},{""auxiliary"":[2,7],""main"":[3,14,22,35,46]},{""auxiliary"":[6,11],""main"":[12,19,33,39,50]},{""auxiliary"":[2,11],""main"":[5,16,30,37,47]}]",synthetic_forward_replay
7,2025-10-22,parallax,5,-0.2019463988610637,False,28.57142857142857,-0.3037859416629802,-86.3907931967325,9.795918367346939,100.0,10.0,0.9859717063452051,37.50000000000001,2,1,22 35 43 46 49,8 10,"[{""auxiliary"":[3,6],""main"":[40,44,46,48,50]},{""auxiliary"":[8,9],""main"":[34,41,43,45,47]},{""auxiliary"":[10,12],""main"":[27,32,33,36,38]},{""auxiliary"":[4,11],""main"":[11,35,39,42,49]},{""auxiliary"":[1,5],""main"":[12,18,19,25,37]},{""auxiliary"":[2,7],""main"":[1,5,22,23,29]},{""auxiliary"":[4,6],""main"":[9,15,16,26,31]},{""auxiliary"":[5,10],""main"":[4,6,17,21,24]},{""auxiliary"":[1,8],""main"":[2,3,13,28,32]},{""auxiliary"":[9,12],""main"":[8,20,30,44,49]},{""auxiliary"":[7,11],""main"":[6,7,14,29,47]},{""auxiliary"":[2,3],""main"":[10,15,25,39,48]}]",synthetic_forward_replay
7,2025-10-22,coordinated_aggregation,6,-0.2019463988610637,False,28.57142857142857,-0.3037859416629802,-86.3907931967325,9.795918367346939,100.0,10.0,0.9859717063452051,37.50000000000001,2,1,22 35 43 46 49,8 10,"[{""auxiliary"":[3,6],""main"":[40,44,46,48,50]},{""auxiliary"":[8,9],""main"":[34,41,43,45,47]},{""auxiliary"":[10,12],""main"":[27,32,33,36,38]},{""auxiliary"":[4,11],""main"":[11,35,39,42,49]},{""auxiliary"":[1,5],""main"":[12,18,19,25,37]},{""auxiliary"":[2,7],""main"":[1,5,22,23,29]},{""auxiliary"":[4,6],""main"":[9,15,16,26,31]},{""auxiliary"":[5,10],""main"":[4,6,17,21,24]},{""auxiliary"":[1,8],""main"":[2,3,13,28,32]},{""auxiliary"":[9,12],""main"":[8,20,30,44,49]},{""auxiliary"":[7,11],""main"":[6,7,14,29,47]},{""auxiliary"":[2,3],""main"":[10,15,25,39,48]}]",synthetic_forward_replay
8,2025-10-29,uniform_random,3,0.0,False,0.0,0.0,-85.99121026228437,9.714285714285714,80.0,5.000000000000001,1.0149210399396984,60.71428571428572,1,1,6 13 30 37 48,3 4,"[{""auxiliary"":[1,5],""main"":[8,11,21,25,45]},{""auxiliary"":[7,10],""main"":[11,18,20,39,49]},{""auxiliary"":[6,11],""main"":[10,16,19,26,32]},{""auxiliary"":[1,6],""main"":[7,12,20,28,41]},{""auxiliary"":[4,6],""main"":[18,22,30,31,45]},{""auxiliary"":[1,12],""main"":[9,16,36,44,50]},{""auxiliary"":[6,11],""main"":[5,7,24,32,34]},{""auxiliary"":[3,12],""main"":[1,2,11,33,42]},{""auxiliary"":[5,6],""main"":[2,10,25,48,50]},{""auxiliary"":[6,8],""main"":[3,15,40,41,46]},{""auxiliary"":[2,12],""main"":[1,14,18,40,47]},{""auxiliary"":[1,2],""main"":[1,29,40,44,48]}]",synthetic_forward_replay
8,2025-10-29,frequency,4,-0.004034291712184945,False,37.5,-0.0904617931692886,-85.99524455399656,9.46938775510204,72.0,8.333333333333332,1.0146287600485289,53.57142857142857,3,1,6 13 30 37 48,3 4,"[{""auxiliary"":[3,8],""main"":[2,12,21,22,49]},{""auxiliary"":[3,5],""main"":[12,27,33,43,46]},{""auxiliary"":[3,12],""main"":[8,16,21,47,48]},{""auxiliary"":[5,7],""main"":[4,13,20,29,46]},{""auxiliary"":[8,12],""main"":[5,17,26,35,38]},{""auxiliary"":[1,3],""main"":[6,35,37,48,49]},{""auxiliary"":[7,10],""main"":[11,14,20,34,43]},{""auxiliary"":[3,12],""main"":[3,9,26,43,45]},{""auxiliary"":[2,7],""main"":[1,9,32,45,49]},{""auxiliary"":[9,10],""main"":[1,3,8,27,49]},{""auxiliary"":[3,12],""main"":[12,23,31,46,49]},{""auxiliary"":[3,8],""main"":[7,26,31,32,50]}]",synthetic_forward_replay
8,2025-10-29,unpopularity,1,0.2924404036210526,True,100.0,0.4069229634387328,-85.69876985866331,5.061224489795919,28.000000000000004,16.666666666666664,1.0361080178386088,100.0,2,1,6 13 30 37 48,3 4,"[{""auxiliary"":[3,9],""main"":[38,43,46,47,50]},{""auxiliary"":[5,7],""main"":[37,40,47,48,50]},{""auxiliary"":[9,11],""main"":[38,43,46,47,48]},{""auxiliary"":[1,3],""main"":[36,40,47,48,50]},{""auxiliary"":[4,9],""main"":[39,41,43,45,50]},{""auxiliary"":[2,9],""main"":[40,41,43,44,50]},{""auxiliary"":[9,10],""main"":[44,46,47,48,50]},{""auxiliary"":[6,11],""main"":[36,37,46,48,50]},{""auxiliary"":[7,8],""main"":[33,39,47,48,50]},{""auxiliary"":[2,6],""main"":[39,40,41,46,50]},{""auxiliary"":[3,5],""main"":[36,41,43,47,48]},{""auxiliary"":[7,8],""main"":[36,40,44,46,48]}]",synthetic_forward_replay
8,2025-10-29,gingerm,5,-0.028708645838626534,False,25.0,-0.36035604449294045,-86.01991890812299,6.530612244897959,44.0,1.6666666666666667,1.012841130880077,35.71428571428571,1,0,6 13 30 37 48,3 4,"[{""auxiliary"":[1,2],""main"":[9,22,43,46,49]},{""auxiliary"":[1,5],""main"":[9,24,25,27,49]},{""auxiliary"":[1,5],""main"":[9,22,25,49,50]},{""auxiliary"":[1,6],""main"":[1,20,29,31,43]},{""auxiliary"":[1,6],""main"":[1,16,29,43,49]},{""auxiliary"":[1,6],""main"":[1,24,29,31,39]},{""auxiliary"":[1,6],""main"":[1,5,19,24,29]},{""auxiliary"":[1,7],""main"":[3,9,20,29,43]},{""auxiliary"":[1,8],""main"":[22,35,43,49,50]},{""auxiliary"":[1,10],""main"":[1,5,18,43,49]},{""auxiliary"":[1,10],""main"":[1,5,29,43,48]},{""auxiliary"":[1,10],""main"":[18,22,42,43,49]}]",synthetic_forward_replay
8,2025-10-29,spectral_contrarian,2,0.12861296321197146,True,100.0,0.26847309950439185,-85.86259729907239,8.89795918367347,80.0,13.333333333333334,1.0242389042817825,85.71428571428572,3,1,6 13 30 37 48,3 4,"[{""auxiliary"":[3,8],""main"":[6,17,26,38,48]},{""auxiliary"":[7,12],""main"":[4,14,22,35,42]},{""auxiliary"":[3,11],""main"":[1,8,19,32,39]},{""auxiliary"":[2,7],""main"":[6,16,24,37,47]},{""auxiliary"":[7,11],""main"":[2,14,21,34,41]},{""auxiliary"":[3,11],""main"":[7,18,31,38,49]},{""auxiliary"":[2,7],""main"":[4,15,23,36,46]},{""auxiliary"":[6,11],""main"":[2,12,21,33,40]},{""auxiliary"":[3,11],""main"":[6,17,31,37,48]},{""auxiliary"":[2,7],""main"":[3,14,22,34,45]},{""auxiliary"":[6,11],""main"":[11,19,32,39,50]},{""auxiliary"":[2,11],""main"":[5,16,30,36,47]}]",synthetic_forward_replay
8,2025-10-29,parallax,6,-0.6930953493385683,False,25.0,-0.3524496176224287,-86.68430561162293,9.795918367346939,100.0,10.0,0.964707062437115,32.142857142857146,2,1,6 13 30 37 48,3 4,"[{""auxiliary"":[1,11],""main"":[37,45,47,48,50]},{""auxiliary"":[4,10],""main"":[36,39,41,44,46]},{""auxiliary"":[6,7],""main"":[32,33,40,42,49]},{""auxiliary"":[3,12],""main"":[9,27,28,34,38]},{""auxiliary"":[2,5],""main"":[17,19,20,23,43]},{""auxiliary"":[8,9],""main"":[3,7,10,22,29]},{""auxiliary"":[1,6],""main"":[4,8,15,24,35]},{""auxiliary"":[3,11],""main"":[1,2,6,18,30]},{""auxiliary"":[5,9],""main"":[16,21,26,31,50]},{""auxiliary"":[2,10],""main"":[13,14,19,25,35]},{""auxiliary"":[4,8],""main"":[12,33,39,43,48]},{""auxiliary"":[7,12],""main"":[5,9,11,18,25]}]",synthetic_forward_replay
8,2025-10-29,coordinated_aggregation,7,-0.6930953493385683,False,25.0,-0.3524496176224287,-86.68430561162293,9.795918367346939,100.0,10.0,0.964707062437115,32.142857142857146,2,1,6 13 30 37 48,3 4,"[{""auxiliary"":[1,11],""main"":[37,45,47,48,50]},{""auxiliary"":[4,10],""main"":[36,39,41,44,46]},{""auxiliary"":[6,7],""main"":[32,33,40,42,49]},{""auxiliary"":[3,12],""main"":[9,27,28,34,38]},{""auxiliary"":[2,5],""main"":[17,19,20,23,43]},{""auxiliary"":[8,9],""main"":[3,7,10,22,29]},{""auxiliary"":[1,6],""main"":[4,8,15,24,35]},{""auxiliary"":[3,11],""main"":[1,2,6,18,30]},{""auxiliary"":[5,9],""main"":[16,21,26,31,50]},{""auxiliary"":[2,10],""main"":[13,14,19,25,35]},{""auxiliary"":[4,8],""main"":[12,33,39,43,48]},{""auxiliary"":[7,12],""main"":[5,9,11,18,25]}]",synthetic_forward_replay
9,2025-11-05,uniform_random,3,0.0,False,0.0,0.0,-86.03373564342898,9.46938775510204,72.0,11.666666666666666,1.011840123967426,75.00000000000001,3,1,6 11 28 32 49,2 11,"[{""auxiliary"":[3,10],""main"":[8,14,22,41,43]},{""auxiliary"":[4,6],""main"":[27,33,38,39,40]},{""auxiliary"":[7,9],""main"":[1,4,14,20,38]},{""auxiliary"":[10,12],""main"":[3,4,31,37,40]},{""auxiliary"":[2,10],""main"":[6,17,23,26,42]},{""auxiliary"":[3,7],""main"":[3,12,32,41,47]},{""auxiliary"":[2,5],""main"":[17,20,22,33,38]},{""auxiliary"":[8,9],""main"":[5,34,38,41,42]},{""auxiliary"":[3,6],""main"":[6,12,19,23,45]},{""auxiliary"":[7,9],""main"":[3,17,36,39,47]},{""auxiliary"":[2,3],""main"":[13,21,23,30,32]},{""auxiliary"":[1,2],""main"":[7,11,28,30,49]}]",synthetic_forward_replay
9,2025-11-05,frequency,5,-0.18835894976786394,False,33.33333333333333,-0.10133925501357474,-86.22209459319686,9.061224489795919,66.0,6.666666666666667,0.9981937301846945,39.28571428571429,2,1,6 11 28 32 49,2 11,"[{""auxiliary"":[8,9],""main"":[13,19,23,44,50]},{""auxiliary"":[2,9],""main"":[9,14,19,26,40]},{""auxiliary"":[2,12],""main"":[5,25,28,32,39]},{""auxiliary"":[3,10],""main"":[23,24,34,45,46]},{""auxiliary"":[3,8],""main"":[3,9,13,19,45]},{""auxiliary"":[5,10],""main"":[5,9,18,35,43]},{""auxiliary"":[7,11],""main"":[3,4,9,24,39]},{""auxiliary"":[4,7],""main"":[1,15,19,39,40]},{""auxiliary"":[2,9],""main"":[1,16,18,23,29]},{""auxiliary"":[3,7],""main"":[1,5,25,28,29]},{""auxiliary"":[7,8],""main"":[9,27,37,41,49]},{""auxiliary"":[9,10],""main"":[14,19,22,38,43]}]",synthetic_forward_replay
9,2025-11-05,unpopularity,1,0.3349622701704802,True,100.0,0.3989273308533714,-85.6987733732585,4.73469387755102,28.000000000000004,0.0,1.0361077632101447,78.57142857142858,0,1,6 11 28 32 49,2 11,"[{""auxiliary"":[9,10],""main"":[39,45,46,48,50]},{""auxiliary"":[7,10],""main"":[37,43,47,48,50]},{""auxiliary"":[2,8],""main"":[38,41,45,48,50]},{""auxiliary"":[4,9],""main"":[38,41,45,48,50]},{""auxiliary"":[9,11],""main"":[37,43,44,46,47]},{""auxiliary"":[1,9],""main"":[36,39,44,48,50]},{""auxiliary"":[1,3],""main"":[34,38,47,48,50]},{""auxiliary"":[9,10],""main"":[36,39,43,48,50]},{""auxiliary"":[8,10],""main"":[37,41,43,44,50]},{""auxiliary"":[9,12],""main"":[34,39,44,48,50]},{""auxiliary"":[5,8],""main"":[37,38,43,47,48]},{""auxiliary"":[9,11],""main"":[36,40,43,44,50]}]",synthetic_forward_replay
9,2025-11-05,gingerm,4,-0.12764857302756116,False,22.22222222222222,-0.334499658774565,-86.16138421645655,6.448979591836734,42.0,13.333333333333334,1.0025921286081148,67.85714285714286,1,1,6 11 28 32 49,2 11,"[{""auxiliary"":[1,2],""main"":[9,22,43,46,49]},{""auxiliary"":[1,5],""main"":[9,22,25,49,50]},{""auxiliary"":[1,5],""main"":[9,24,27,31,49]},{""auxiliary"":[1,6],""main"":[1,20,29,43,49]},{""auxiliary"":[1,6],""main"":[1,16,24,29,31]},{""auxiliary"":[1,6],""main"":[1,5,19,24,29]},{""auxiliary"":[1,7],""main"":[3,9,20,29,43]},{""auxiliary"":[1,8],""main"":[22,35,43,49,50]},{""auxiliary"":[1,10],""main"":[18,22,42,43,49]},{""auxiliary"":[1,10],""main"":[9,18,27,43,49]},{""auxiliary"":[1,10],""main"":[1,5,7,29,43]},{""auxiliary"":[1,10],""main"":[1,5,18,43,49]}]",synthetic_forward_replay
9,2025-11-05,spectral_contrarian,2,0.16724568720827282,True,100.0,0.2572256092492675,-85.86648995622072,8.816326530612246,82.0,10.000000000000002,1.023956885655257,82.14285714285714,2,2,6 11 28 32 49,2 11,"[{""auxiliary"":[3,8],""main"":[6,17,26,38,48]},{""auxiliary"":[7,12],""main"":[4,14,22,35,42]},{""auxiliary"":[3,11],""main"":[1,8,19,32,39]},{""auxiliary"":[2,7],""main"":[6,16,24,37,47]},{""auxiliary"":[7,11],""main"":[2,14,21,34,41]},{""auxiliary"":[3,11],""main"":[7,18,31,38,49]},{""auxiliary"":[2,7],""main"":[4,15,23,35,46]},{""auxiliary"":[6,11],""main"":[2,12,21,33,40]},{""auxiliary"":[2,7],""main"":[3,14,22,34,45]},{""auxiliary"":[6,11],""main"":[11,19,32,39,50]},{""auxiliary"":[2,11],""main"":[5,16,30,36,47]},{""auxiliary"":[6,11],""main"":[10,18,31,38,48]}]",synthetic_forward_replay
9,2025-11-05,parallax,6,-0.35538033067537,False,22.22222222222222,-0.35277525240608887,-86.38911597410436,9.795918367346939,100.0,10.0,0.9860932192357414,28.57142857142857,1,1,6 11 28 32 49,2 11,"[{""auxiliary"":[5,8],""main"":[39,45,46,48,50]},{""auxiliary"":[2,3],""main"":[32,34,37,41,47]},{""auxiliary"":[4,7],""main"":[24,33,38,40,43]},{""auxiliary"":[9,10],""main"":[13,29,35,36,44]},{""auxiliary"":[6,12],""main"":[10,14,15,17,42]},{""auxiliary"":[1,11],""main"":[4,11,18,27,31]},{""auxiliary"":[1,5],""main"":[7,16,19,22,49]},{""auxiliary"":[7,10],""main"":[2,8,9,21,26]},{""auxiliary"":[3,8],""main"":[3,25,28,30,43]},{""auxiliary"":[6,11],""main"":[1,12,22,23,33]},{""auxiliary"":[2,9],""main"":[5,20,38,39,49]},{""auxiliary"":[4,12],""main"":[6,21,31,42,44]}]",synthetic_forward_replay
9,2025-11-05,coordinated_aggregation,7,-0.35538033067537,False,22.22222222222222,-0.35277525240608887,-86.38911597410436,9.795918367346939,100.0,10.0,0.9860932192357414,28.57142857142857,1,1,6 11 28 32 49,2 11,"[{""auxiliary"":[5,8],""main"":[39,45,46,48,50]},{""auxiliary"":[2,3],""main"":[32,34,37,41,47]},{""auxiliary"":[4,7],""main"":[24,33,38,40,43]},{""auxiliary"":[9,10],""main"":[13,29,35,36,44]},{""auxiliary"":[6,12],""main"":[10,14,15,17,42]},{""auxiliary"":[1,11],""main"":[4,11,18,27,31]},{""auxiliary"":[1,5],""main"":[7,16,19,22,49]},{""auxiliary"":[7,10],""main"":[2,8,9,21,26]},{""auxiliary"":[3,8],""main"":[3,25,28,30,43]},{""auxiliary"":[6,11],""main"":[1,12,22,23,33]},{""auxiliary"":[2,9],""main"":[5,20,38,39,49]},{""auxiliary"":[4,12],""main"":[6,21,31,42,44]}]",synthetic_forward_replay
10,2025-11-12,uniform_random,3,0.0,False,0.0,0.0,-86.16227968403307,9.306122448979593,68.0,6.666666666666667,1.0025272529906641,64.28571428571429,1,1,17 23 27 32 45,3 10,"[{""auxiliary"":[2,10],""main"":[18,21,22,30,44]},{""auxiliary"":[3,8],""main"":[5,11,22,31,48]},{""auxiliary"":[10,11],""main"":[4,28,31,32,44]},{""auxiliary"":[4,8],""main"":[10,38,41,43,50]},{""auxiliary"":[2,12],""main"":[10,29,32,44,50]},{""auxiliary"":[6,10],""main"":[2,7,10,24,27]},{""auxiliary"":[1,4],""main"":[12,19,42,44,47]},{""auxiliary"":[6,12],""main"":[2,5,15,47,50]},{""auxiliary"":[4,11],""main"":[4,29,36,39,49]},{""auxiliary"":[1,12],""main"":[4,11,19,22,34]},{""auxiliary"":[7,12],""main"":[5,33,42,43,47]},{""auxiliary"":[5,9],""main"":[15,16,28,32,40]}]",synthetic_forward_replay
10,2025-11-12,frequency,6,-0.20840791261660385,False,30.0,-0.11204612077387766,-86.37068759664966,9.306122448979593,72.0,11.666666666666668,0.9874283344284814,46.42857142857143,1,1,17 23 27 32 45,3 10,"[{""auxiliary"":[2,6],""main"":[22,32,33,47,49]},{""auxiliary"":[1,3],""main"":[4,29,36,45,47]},{""auxiliary"":[1,4],""main"":[4,9,41,44,50]},{""auxiliary"":[1,2],""main"":[24,28,33,35,45]},{""auxiliary"":[4,10],""main"":[3,4,10,27,28]},{""auxiliary"":[4,8],""main"":[2,12,17,24,25]},{""auxiliary"":[4,8],""main"":[25,39,42,45,50]},{""auxiliary"":[9,12],""main"":[1,9,20,35,37]},{""auxiliary"":[8,10],""main"":[16,19,27,28,49]},{""auxiliary"":[6,9],""main"":[7,13,34,39,50]},{""auxiliary"":[3,8],""main"":[4,5,7,13,36]},{""auxiliary"":[6,9],""main"":[21,29,33,43,47]}]",synthetic_forward_replay
10,2025-11-12,unpopularity,1,0.46341468485091575,True,100.0,0.4053760662531259,-85.69886499918215,5.714285714285714,28.000000000000004,6.666666666666667,1.0361011250151655,85.71428571428572,1,1,17 23 27 32 45,3 10,"[{""auxiliary"":[1,6],""main"":[33,43,46,48,50]},{""auxiliary"":[3,6],""main"":[36,43,44,46,48]},{""auxiliary"":[2,7],""main"":[39,40,43,44,50]},{""auxiliary"":[1,2],""main"":[39,40,41,46,50]},{""auxiliary"":[7,12],""main"":[37,39,44,45,47]},{""auxiliary"":[8,11],""main"":[33,37,44,47,50]},{""auxiliary"":[1,7],""main"":[36,40,43,45,47]},{""auxiliary"":[8,11],""main"":[36,37,45,46,47]},{""auxiliary"":[6,11],""main"":[33,34,46,47,50]},{""auxiliary"":[2,9],""main"":[34,41,43,44,47]},{""auxiliary"":[3,7],""main"":[34,41,43,44,47]},{""auxiliary"":[3,12],""main"":[33,39,44,45,48]}]",synthetic_forward_replay
10,2025-11-12,gingerm,7,-0.23868137171750847,False,20.0,-0.3249178300688593,-86.40096105575057,7.428571428571429,48.0,0.0,0.9852350564102849,14.285714285714285,0,1,17 23 27 32 45,3 10,"[{""auxiliary"":[1,2],""main"":[9,22,25,43,49]},{""auxiliary"":[1,6],""main"":[1,5,24,29,31]},{""auxiliary"":[1,6],""main"":[1,22,29,43,49]},{""auxiliary"":[1,10],""main"":[1,5,18,19,24]},{""auxiliary"":[1,10],""main"":[18,22,43,46,49]},{""auxiliary"":[1,10],""main"":[1,5,29,47,48]},{""auxiliary"":[2,3],""main"":[9,28,43,49,50]},{""auxiliary"":[2,3],""main"":[6,9,13,26,28]},{""auxiliary"":[2,3],""main"":[11,20,28,40,49]},{""auxiliary"":[2,3],""main"":[20,22,26,43,49]},{""auxiliary"":[2,3],""main"":[3,9,24,43,49]},{""auxiliary"":[2,3],""main"":[11,13,18,26,28]}]",synthetic_forward_replay
10,2025-11-12,spectral_contrarian,2,0.31803841764712626,True,100.0,0.2633068900890534,-85.84424126638594,8.89795918367347,82.0,6.666666666666667,1.0255687781775376,75.0,1,1,17 23 27 32 45,3 10,"[{""auxiliary"":[3,8],""main"":[6,17,25,38,48]},{""auxiliary"":[7,12],""main"":[4,15,22,35,42]},{""auxiliary"":[3,11],""main"":[1,8,19,33,39]},{""auxiliary"":[3,7],""main"":[5,16,24,37,47]},{""auxiliary"":[7,11],""main"":[2,14,21,34,41]},{""auxiliary"":[3,11],""main"":[7,18,31,38,49]},{""auxiliary"":[2,7],""main"":[4,15,23,36,46]},{""auxiliary"":[6,11],""main"":[2,13,21,33,40]},{""auxiliary"":[2,7],""main"":[3,14,22,34,45]},{""auxiliary"":[6,11],""main"":[12,19,32,39,50]},{""auxiliary"":[2,11],""main"":[5,16,30,36,47]},{""auxiliary"":[6,11],""main"":[11,18,31,38,48]}]",synthetic_forward_replay
10,2025-11-12,parallax,4,-0.20495832191724794,False,20.0,-0.33799355935720476,-86.36723800595031,9.795918367346939,96.0,11.666666666666666,0.9876782533897558,57.14285714285714,1,1,17 23 27 32 45,3 10,"[{""auxiliary"":[1,6],""main"":[38,45,46,48,50]},{""auxiliary"":[2,7],""main"":[33,39,40,44,47]},{""auxiliary"":[9,11],""main"":[32,35,37,41,49]},{""auxiliary"":[5,10],""main"":[9,17,34,36,42]},{""auxiliary"":[3,12],""main"":[7,15,23,31,43]},{""auxiliary"":[4,8],""main"":[4,10,16,18,25]},{""auxiliary"":[6,8],""main"":[2,13,20,27,30]},{""auxiliary"":[10,12],""main"":[11,14,21,22,26]},{""auxiliary"":[5,7],""main"":[3,12,22,24,28]},{""auxiliary"":[1,4],""main"":[19,29,44,46,49]},{""auxiliary"":[2,3],""main"":[1,32,33,34,48]},{""auxiliary"":[9,11],""main"":[5,26,33,36,45]}]",synthetic_forward_replay
10,2025-11-12,coordinated_aggregation,5,-0.20495832191724794,False,20.0,-0.33799355935720476,-86.36723800595031,9.795918367346939,96.0,11.666666666666666,0.9876782533897558,57.14285714285714,1,1,17 23 27 32 45,3 10,"[{""auxiliary"":[1,6],""main"":[38,45,46,48,50]},{""auxiliary"":[2,7],""main"":[33,39,40,44,47]},{""auxiliary"":[9,11],""main"":[32,35,37,41,49]},{""auxiliary"":[5,10],""main"":[9,17,34,36,42]},{""auxiliary"":[3,12],""main"":[7,15,23,31,43]},{""auxiliary"":[4,8],""main"":[4,10,16,18,25]},{""auxiliary"":[6,8],""main"":[2,13,20,27,30]},{""auxiliary"":[10,12],""main"":[11,14,21,22,26]},{""auxiliary"":[5,7],""main"":[3,12,22,24,28]},{""auxiliary"":[1,4],""main"":[19,29,44,46,49]},{""auxiliary"":[2,3],""main"":[1,32,33,34,48]},{""auxiliary"":[9,11],""main"":[5,26,33,36,45]}]",synthetic_forward_replay
11,2025-11-19,uniform_random,3,0.0,False,0.0,0.0,-86.07497575182704,9.224489795918366,72.0,5.000000000000001,1.0088523245581802,60.71428571428572,1,1,6 15 18 24 29,6 11,"[{""auxiliary"":[2,11],""main"":[4,7,38,39,41]},{""auxiliary"":[1,11],""main"":[2,26,36,41,45]},{""auxiliary"":[3,6],""main"":[17,19,28,32,48]},{""auxiliary"":[7,12],""main"":[9,13,27,32,37]},{""auxiliary"":[4,7],""main"":[8,12,21,27,28]},{""auxiliary"":[2,9],""main"":[1,26,27,28,34]},{""auxiliary"":[1,5],""main"":[19,22,29,41,49]},{""auxiliary"":[6,9],""main"":[1,34,40,47,50]},{""auxiliary"":[7,8],""main"":[22,23,26,30,33]},{""auxiliary"":[2,9],""main"":[15,26,28,43,48]},{""auxiliary"":[7,9],""main"":[9,21,22,36,49]},{""auxiliary"":[1,3],""main"":[12,19,24,28,46]}]",synthetic_forward_replay
11,2025-11-19,frequency,5,-0.22451018122107147,False,27.27272727272727,-0.12227012626907709,-86.29948593304812,9.061224489795919,66.0,11.666666666666666,0.9925868147698167,53.57142857142857,2,1,6 15 18 24 29,6 11,"[{""auxiliary"":[9,12],""main"":[4,39,41,44,49]},{""auxiliary"":[5,12],""main"":[4,30,31,47,49]},{""auxiliary"":[7,8],""main"":[23,25,33,34,39]},{""auxiliary"":[3,7],""main"":[3,9,13,21,24]},{""auxiliary"":[3,5],""main"":[27,29,30,32,39]},{""auxiliary"":[6,9],""main"":[1,20,29,33,50]},{""auxiliary"":[9,10],""main"":[24,29,33,39,41]},{""auxiliary"":[3,10],""main"":[9,11,17,45,47]},{""auxiliary"":[3,6],""main"":[15,23,31,38,39]},{""auxiliary"":[5,10],""main"":[3,13,20,25,28]},{""auxiliary"":[3,4],""main"":[9,17,18,32,35]},{""auxiliary"":[2,9],""main"":[5,12,20,28,31]}]",synthetic_forward_replay
11,2025-11-19,unpopularity,1,0.37619866290271586,True,100.0,0.4027235750394523,-85.69877708892433,5.63265306122449,32.0,0.0,1.0361074940143418,78.57142857142858,0,1,6 15 18 24 29,6 11,"[{""auxiliary"":[5,12],""main"":[38,43,44,48,50]},{""auxiliary"":[8,10],""main"":[34,44,46,47,50]},{""auxiliary"":[9,10],""main"":[36,39,47,48,50]},{""auxiliary"":[7,10],""main"":[34,44,45,47,50]},{""auxiliary"":[5,11],""main"":[39,41,43,46,50]},{""auxiliary"":[3,4],""main"":[37,38,46,48,50]},{""auxiliary"":[11,12],""main"":[36,41,44,47,50]},{""auxiliary"":[4,11],""main"":[34,43,45,46,50]},{""auxiliary"":[1,3],""main"":[33,43,45,46,50]},{""auxiliary"":[6,10],""main"":[32,43,45,46,48]},{""auxiliary"":[6,10],""main"":[38,39,40,47,50]},{""auxiliary"":[4,12],""main"":[37,38,41,47,50]}]",synthetic_forward_replay
11,2025-11-19,gingerm,4,-0.023883307438921086,False,18.181818181818183,-0.29755105528431947,-86.09885905926596,6.36734693877551,44.0,13.333333333333334,1.0071220058313721,67.85714285714286,2,1,6 15 18 24 29,6 11,"[{""auxiliary"":[1,2],""main"":[9,22,25,43,49]},{""auxiliary"":[1,3],""main"":[9,27,32,43,49]},{""auxiliary"":[1,6],""main"":[1,22,29,43,49]},{""auxiliary"":[1,6],""main"":[1,24,29,31,43]},{""auxiliary"":[1,10],""main"":[1,5,18,19,24]},{""auxiliary"":[1,10],""main"":[17,27,43,45,49]},{""auxiliary"":[1,10],""main"":[18,22,32,43,49]},{""auxiliary"":[1,10],""main"":[22,27,43,46,49]},{""auxiliary"":[1,10],""main"":[22,27,32,45,49]},{""auxiliary"":[1,10],""main"":[17,23,27,32,45]},{""auxiliary"":[1,10],""main"":[1,5,24,29,48]},{""auxiliary"":[2,3],""main"":[3,9,11,28,49]}]",synthetic_forward_replay
11,2025-11-19,spectral_contrarian,2,0.22071023327048245,True,100.0,0.25943446674191056,-85.85426551855656,8.816326530612246,82.0,6.666666666666667,1.0248425323969876,75.0,1,2,6 15 18 24 29,6 11,"[{""auxiliary"":[3,8],""main"":[6,17,25,38,48]},{""auxiliary"":[7,12],""main"":[3,14,22,35,42]},{""auxiliary"":[3,11],""main"":[1,8,19,33,39]},{""auxiliary"":[2,7],""main"":[5,16,24,37,47]},{""auxiliary"":[7,11],""main"":[2,14,21,34,41]},{""auxiliary"":[3,11],""main"":[7,18,31,38,50]},{""auxiliary"":[2,7],""main"":[4,15,23,36,46]},{""auxiliary"":[6,11],""main"":[2,13,20,33,40]},{""auxiliary"":[2,7],""main"":[3,14,22,34,45]},{""auxiliary"":[6,11],""main"":[11,19,32,39,50]},{""auxiliary"":[2,11],""main"":[5,16,30,36,47]},{""auxiliary"":[2,7],""main"":[2,13,21,34,44]}]",synthetic_forward_replay
11,2025-11-19,parallax,6,-0.5038958441934138,False,18.181818181818183,-0.3530755852514056,-86.57887159602046,9.795918367346939,98.0,10.000000000000002,0.9723456381287892,32.142857142857146,2,1,6 15 18 24 29,6 11,"[{""auxiliary"":[8,11],""main"":[34,45,46,48,50]},{""auxiliary"":[4,10],""main"":[33,37,39,43,47]},{""auxiliary"":[1,5],""main"":[32,40,42,44,49]},{""auxiliary"":[7,12],""main"":[9,18,35,36,41]},{""auxiliary"":[3,6],""main"":[14,19,21,23,31]},{""auxiliary"":[2,9],""main"":[8,12,20,26,29]},{""auxiliary"":[5,12],""main"":[3,5,11,30,38]},{""auxiliary"":[4,8],""main"":[1,2,22,24,25]},{""auxiliary"":[1,6],""main"":[6,7,10,13,19]},{""auxiliary"":[2,10],""main"":[17,19,27,28,46]},{""auxiliary"":[3,9],""main"":[16,17,36,47,50]},{""auxiliary"":[7,11],""main"":[15,18,21,33,49]}]",synthetic_forward_replay
11,2025-11-19,coordinated_aggregation,7,-0.5038958441934138,False,18.181818181818183,-0.3530755852514056,-86.57887159602046,9.795918367346939,98.0,10.000000000000002,0.9723456381287892,32.142857142857146,2,1,6 15 18 24 29,6 11,"[{""auxiliary"":[8,11],""main"":[34,45,46,48,50]},{""auxiliary"":[4,10],""main"":[33,37,39,43,47]},{""auxiliary"":[1,5],""main"":[32,40,42,44,49]},{""auxiliary"":[7,12],""main"":[9,18,35,36,41]},{""auxiliary"":[3,6],""main"":[14,19,21,23,31]},{""auxiliary"":[2,9],""main"":[8,12,20,26,29]},{""auxiliary"":[5,12],""main"":[3,5,11,30,38]},{""auxiliary"":[4,8],""main"":[1,2,22,24,25]},{""auxiliary"":[1,6],""main"":[6,7,10,13,19]},{""auxiliary"":[2,10],""main"":[17,19,27,28,46]},{""auxiliary"":[3,9],""main"":[16,17,36,47,50]},{""auxiliary"":[7,11],""main"":[15,18,21,33,49]}]",synthetic_forward_replay
12,2025-11-26,uniform_random,6,0.0,False,0.0,0.0,-86.0116010150962,9.63265306122449,78.0,8.333333333333332,1.0134437528623406,30.35714285714286,2,1,23 25 31 34 45,10 12,"[{""auxiliary"":[9,10],""main"":[30,33,44,45,47]},{""auxiliary"":[1,3],""main"":[4,15,25,34,46]},{""auxiliary"":[2,7],""main"":[10,13,27,30,32]},{""auxiliary"":[7,12],""main"":[3,6,25,38,39]},{""auxiliary"":[2,5],""main"":[17,18,27,35,45]},{""auxiliary"":[10,11],""main"":[4,14,26,29,30]},{""auxiliary"":[7,10],""main"":[9,10,19,35,43]},{""auxiliary"":[4,5],""main"":[2,14,43,46,49]},{""auxiliary"":[6,8],""main"":[4,5,24,40,41]},{""auxiliary"":[8,11],""main"":[14,24,38,41,49]},{""auxiliary"":[3,4],""main"":[1,2,7,36,41]},{""auxiliary"":[1,8],""main"":[5,6,22,28,48]}]",synthetic_forward_replay
12,2025-11-26,frequency,3,0.11649118759937682,True,33.33333333333333,-0.1023733501133726,-85.89510982749682,8.89795918367347,66.0,8.333333333333332,1.0218834082127155,62.500000000000014,1,1,23 25 31 34 45,10 12,"[{""auxiliary"":[8,9],""main"":[23,26,30,40,47]},{""auxiliary"":[3,9],""main"":[6,9,11,23,47]},{""auxiliary"":[5,7],""main"":[6,19,25,27,41]},{""auxiliary"":[6,7],""main"":[20,31,35,37,50]},{""auxiliary"":[2,10],""main"":[15,18,29,33,44]},{""auxiliary"":[9,12],""main"":[29,30,37,39,44]},{""auxiliary"":[2,6],""main"":[17,33,36,44,47]},{""auxiliary"":[3,9],""main"":[16,24,26,28,44]},{""auxiliary"":[3,10],""main"":[15,33,36,44,49]},{""auxiliary"":[2,9],""main"":[23,24,35,37,50]},{""auxiliary"":[11,12],""main"":[4,6,26,49,50]},{""auxiliary"":[3,8],""main"":[5,9,22,28,43]}]",synthetic_forward_replay
12,2025-11-26,unpopularity,1,0.3128381655808643,True,100.0,0.3952331242512366,-85.69876284951535,5.469387755102041,28.000000000000004,11.666666666666668,1.0361085256434863,100.0,2,1,23 25 31 34 45,10 12,"[{""auxiliary"":[5,6],""main"":[40,45,46,48,50]},{""auxiliary"":[3,10],""main"":[40,43,44,47,50]},{""auxiliary"":[4,10],""main"":[39,41,44,48,50]},{""auxiliary"":[1,4],""main"":[37,43,45,47,48]},{""auxiliary"":[4,11],""main"":[34,45,46,47,48]},{""auxiliary"":[6,8],""main"":[38,43,45,46,48]},{""auxiliary"":[2,7],""main"":[36,44,45,46,47]},{""auxiliary"":[7,12],""main"":[37,39,44,47,50]},{""auxiliary"":[4,8],""main"":[38,40,43,44,50]},{""auxiliary"":[2,12],""main"":[37,39,45,46,48]},{""auxiliary"":[5,8],""main"":[37,40,43,46,48]},{""auxiliary"":[5,8],""main"":[36,41,43,46,48]}]",synthetic_forward_replay
12,2025-11-26,gingerm,7,-0.48857483196598217,False,16.666666666666664,-0.31346970334112473,-86.5001758470622,7.183673469387755,50.0,6.666666666666667,0.9780470565144553,14.285714285714285,1,1,23 25 31 34 45,10 12,"[{""auxiliary"":[1,3],""main"":[27,32,43,45,49]},{""auxiliary"":[1,5],""main"":[9,22,25,43,49]},{""auxiliary"":[1,6],""main"":[1,15,19,24,29]},{""auxiliary"":[1,6],""main"":[1,24,29,31,47]},{""auxiliary"":[1,6],""main"":[1,22,29,43,49]},{""auxiliary"":[1,6],""main"":[1,20,24,29,43]},{""auxiliary"":[1,6],""main"":[1,5,7,24,29]},{""auxiliary"":[1,10],""main"":[1,5,18,19,24]},{""auxiliary"":[1,10],""main"":[1,18,24,27,29]},{""auxiliary"":[2,3],""main"":[13,15,26,28,38]},{""auxiliary"":[2,3],""main"":[11,13,28,49,50]},{""auxiliary"":[2,3],""main"":[9,25,28,32,49]}]",synthetic_forward_replay
12,2025-11-26,spectral_contrarian,2,0.13979275095403754,True,100.0,0.24946432375958782,-85.87180826414217,8.73469387755102,82.0,10.0,1.0235715802357745,82.14285714285714,2,1,23 25 31 34 45,10 12,"[{""auxiliary"":[3,8],""main"":[6,17,26,38,48]},{""auxiliary"":[7,12],""main"":[3,14,22,35,42]},{""auxiliary"":[3,11],""main"":[1,8,19,33,39]},{""auxiliary"":[2,7],""main"":[5,16,24,37,47]},{""auxiliary"":[7,11],""main"":[2,14,21,34,41]},{""auxiliary"":[3,11],""main"":[7,18,32,39,50]},{""auxiliary"":[2,7],""main"":[4,15,23,36,46]},{""auxiliary"":[6,11],""main"":[2,12,21,34,40]},{""auxiliary"":[6,11],""main"":[11,19,33,39,50]},{""auxiliary"":[2,7],""main"":[2,13,21,34,45]},{""auxiliary"":[6,11],""main"":[10,18,31,38,48]},{""auxiliary"":[2,10],""main"":[4,14,28,35,46]}]",synthetic_forward_replay
12,2025-11-26,parallax,4,0.020896299307271438,True,25.0,-0.3219112615381825,-85.99070471578894,9.795918367346939,96.0,10.0,1.0149576662139497,55.35714285714286,2,1,23 25 31 34 45,10 12,"[{""auxiliary"":[2,12],""main"":[38,46,47,48,50]},{""auxiliary"":[5,10],""main"":[34,39,41,44,45]},{""auxiliary"":[7,9],""main"":[32,35,37,42,49]},{""auxiliary"":[4,8],""main"":[4,22,33,36,40]},{""auxiliary"":[1,3],""main"":[6,15,24,31,43]},{""auxiliary"":[6,11],""main"":[16,19,25,30,32]},{""auxiliary"":[4,10],""main"":[9,18,23,26,27]},{""auxiliary"":[3,5],""main"":[1,13,20,28,33]},{""auxiliary"":[8,12],""main"":[3,5,14,29,44]},{""auxiliary"":[6,7],""main"":[12,16,17,21,41]},{""auxiliary"":[2,11],""main"":[7,10,32,38,41]},{""auxiliary"":[1,9],""main"":[11,32,33,34,43]}]",synthetic_forward_replay
12,2025-11-26,coordinated_aggregation,5,0.020896299307271438,True,25.0,-0.3219112615381825,-85.99070471578894,9.795918367346939,96.0,10.0,1.0149576662139497,55.35714285714286,2,1,23 25 31 34 45,10 12,"[{""auxiliary"":[2,12],""main"":[38,46,47,48,50]},{""auxiliary"":[5,10],""main"":[34,39,41,44,45]},{""auxiliary"":[7,9],""main"":[32,35,37,42,49]},{""auxiliary"":[4,8],""main"":[4,22,33,36,40]},{""auxiliary"":[1,3],""main"":[6,15,24,31,43]},{""auxiliary"":[6,11],""main"":[16,19,25,30,32]},{""auxiliary"":[4,10],""main"":[9,18,23,26,27]},{""auxiliary"":[3,5],""main"":[1,13,20,28,33]},{""auxiliary"":[8,12],""main"":[3,5,14,29,44]},{""auxiliary"":[6,7],""main"":[12,16,17,21,41]},{""auxiliary"":[2,11],""main"":[7,10,32,38,41]},{""auxiliary"":[1,9],""main"":[11,32,33,34,43]}]",synthetic_forward_replay
